MISTO;2;;;;2017-01-03 07:32:00.000;námìstí 28. dubna, Brno
1.kvìtna-43;1;;;;2017-01-05 13:23:00.000;námìstí 28. dubna 2, Brno-Bystrc
Absolonova;39;;;;2017-01-05 14:20:00.000;námìstí 28. øíjna 17, Brno-Èerná Pole
Adamcova;11;;;;2017-01-09 14:13:00.000;námìstí 28. øíjna 19, Brno-Èerná Pole
Adamovská;25;;;;2017-01-11 00:10:00.000;námìstí 28. dubna 42, Brno-Bystrc
Akademická;73;;;;2017-01-16 09:30:00.000;námìstí 28. øíjna 10, Brno-Èerná Pole
Akátová;1;;;;2017-01-16 09:31:00.000;námìstí 28. øíjna 10, Brno-Èerná Pole
Alešova;12;;;;2017-01-16 09:33:00.000;námìstí 28. øíjna 10, Brno-Èerná Pole
Ambroova;1;;;;2017-01-16 14:54:00.000;námìstí 28. øíjna 10, Brno-Èerná Pole
Amerlingova;22;;;;2017-01-16 15:21:00.000;námìstí 28. øíjna 10, Brno-Èerná Pole
Andrıskova;2;;;;2017-01-19 10:50:00.000;námìstí 28. dubna 48, Brno-Bystrc
Anenská;61;;;;2017-01-19 11:36:00.000;námìstí 28. dubna 38, Brno-Bystrc
Antala staška;14;;;;2017-01-25 09:19:00.000;námìstí 28. øíjna 10, Brno-Èerná Pole
Antonína macka;54;;;;2017-01-25 09:19:00.000;námìstí 28. øíjna 10, Brno-Èerná Pole
Antonína procházky;3;;;;2017-01-25 09:19:00.000;námìstí 28. øíjna 10, Brno-Èerná Pole
Antonína slavíka;11;;;;2017-01-25 09:19:00.000;námìstí 28. øíjna 10, Brno-Èerná Pole
Antonínská;335;;;;2017-01-25 09:38:00.000;námìstí 28. øíjna 3, Brno-Èerná Pole
Arbesova;21;;;;2017-01-25 09:57:00.000;námìstí 28. øíjna 23, Brno-Èerná Pole
Arménská;18;;;;2017-01-27 09:02:00.000;námìstí 28. øíjna 10, Brno-Èerná Pole
Arne nováka;9;;;;2017-01-27 09:05:00.000;námìstí 28. øíjna 10, Brno-Èerná Pole
Auerswaldova;1;;;;2017-01-27 09:06:00.000;námìstí 28. øíjna 10, Brno-Èerná Pole
Axmanova;13;;;;2017-01-27 09:27:00.000;námìstí 28. øíjna 2, Brno-Èerná Pole
Azurová;5;;;;2017-01-27 09:29:00.000;námìstí 28. øíjna 2, Brno-Èerná Pole
Baarovo nábøeí;6;;;;2017-01-27 09:30:00.000;námìstí 28. øíjna 2, Brno-Èerná Pole
Babická;1;;;;2017-01-27 09:32:00.000;námìstí 28. øíjna 2, Brno-Èerná Pole
Babická-1a;1;;;;2017-02-03 07:23:00.000;námìstí 28. øíjna, Brno
Babièkova;25;;;;2017-02-04 20:25:00.000;námìstí 28. dubna 20, Brno-Bystrc
Bakalovo nábøeí;188;;;;2017-02-06 12:17:00.000;námìstí 28. dubna 52, Brno-Bystrc
Balbínova;4;;;;2017-02-06 12:27:00.000;námìstí 28. øíjna 19, Brno-Èerná Pole
Banskobystrická;17;;;;2017-02-08 10:03:00.000;námìstí 28. øíjna 10, Brno-Èerná Pole
Bartolomìjská;4;;;;2017-02-08 10:03:00.000;námìstí 28. øíjna 10, Brno-Èerná Pole
Bartošova;8;;;;2017-02-08 10:03:00.000;námìstí 28. øíjna 10, Brno-Èerná Pole
Bartákova;7;;;;2017-02-08 10:03:00.000;námìstí 28. øíjna 10, Brno-Èerná Pole
Barvièova;7;;;;2017-02-08 14:06:00.000;námìstí 28. øíjna 19, Brno-Èerná Pole
Barvy;10;;;;2017-02-09 09:15:00.000;námìstí 28. øíjna 10, Brno-Èerná Pole
Barvíøská;35;;;;2017-02-09 09:15:00.000;námìstí 28. øíjna 10, Brno-Èerná Pole
Bauerova;6;;;;2017-02-09 09:33:00.000;námìstí 28. øíjna 2, Brno-Èerná Pole
Bauerova-8. brána;1;;;;2017-02-09 09:43:00.000;námìstí 28. øíjna 1, Brno-Èerná Pole
Bayerova;182;;;;2017-02-09 09:45:00.000;námìstí 28. øíjna 1, Brno-Èerná Pole
Baèovského;1;;;;2017-02-09 21:40:00.000;námìstí 28. øíjna 5, Brno-Èerná Pole
Bašného;38;;;;2017-02-10 12:47:00.000;námìstí 28. øíjna 17, Brno-Èerná Pole
Bašty;218;;;;2017-02-14 18:03:00.000;námìstí 28. dubna, Brno
Bednaøíkova;2;;;;2017-02-16 14:25:00.000;námìstí 28. dubna, Brno
Bednáøova;4;;;;2017-02-19 18:03:00.000;námìstí 28. dubna-OC Javor, Brno
Bedøichovická;1;;;;2017-02-23 12:57:00.000;námìstí 28. dubna 61, Brno-Bystrc
Beethovenova;267;;;;2017-02-27 12:35:00.000;námìstí 28. øíjna 18, Brno-Èerná Pole
Belcrediho;1;;;;2017-02-28 16:45:00.000;námìstí 28. øíjna 12, Brno-Èerná Pole
Bellova;93;;;;2017-03-02 13:57:00.000;námìstí 28. øíjna 20, Brno-Èerná Pole
Bendlova;8;;;;2017-03-03 10:45:00.000;námìstí 28. øíjna 10, Brno-Èerná Pole
Benešova;1805;;;;2017-03-03 10:45:00.000;námìstí 28. øíjna 10, Brno-Èerná Pole
Benešova Benešova;2;;;;2017-03-06 10:10:00.000;námìstí 28. øíjna 10, Brno-Èerná Pole
Benešova-10 u;1;;;;2017-03-06 10:10:00.000;námìstí 28. øíjna 10, Brno-Èerná Pole
Benešova-15 club;1;;;;2017-03-06 10:17:00.000;námìstí 28. øíjna 10, Brno-Èerná Pole
Benešova-20;8;;;;2017-03-07 10:27:00.000;námìstí 28. øíjna 2, Brno-Èerná Pole
Benešova-4;2;;;;2017-03-07 10:27:00.000;námìstí 28. øíjna 2, Brno-Èerná Pole
Berkova;89;;;;2017-03-07 10:27:00.000;námìstí 28. øíjna 2, Brno-Èerná Pole
Bernáèkova;1;;;;2017-03-07 10:42:21;námìstí 28. øíjna 2, Brno-Èerná Pole
Besední;21;;;;2017-03-07 10:44:00.000;námìstí 28. øíjna 17, Brno-Èerná Pole
Besední-x solnièní;2;;;;2017-03-07 23:26:00.000;námìstí 28. øíjna 1, Brno-Èerná Pole
Bezejmenná;3;;;;2017-03-07 23:27:00.000;námìstí 28. øíjna 1, Brno-Èerná Pole
Bezinková;1;;;;2017-03-07 23:28:00.000;námìstí 28. øíjna 1, Brno-Èerná Pole
Bezruèova;247;;;;2017-03-07 23:29:00.000;námìstí 28. øíjna 1, Brno-Èerná Pole
Bešùvka;3;;;;2017-03-07 23:30:00.000;námìstí 28. øíjna 1, Brno-Èerná Pole
Bidláky;11;;;;2017-03-07 23:33:00.000;námìstí 28. øíjna 1, Brno-Èerná Pole
Bieblova;178;;;;2017-03-08 09:44:00.000;námìstí 28. øíjna 12, Brno-Èerná Pole
Biskupská;826;;;;2017-03-08 09:59:00.000;námìstí 28. øíjna 10, Brno-Èerná Pole
Björnsenùv sad;461;;;;2017-03-08 09:59:00.000;námìstí 28. øíjna 10, Brno-Èerná Pole
Blanenská;1;;;;2017-03-08 10:05:00.000;námìstí 28. øíjna 8, Brno-Èerná Pole
Blatnická;66;;;;2017-03-08 10:27:00.000;námìstí 28. øíjna 1, Brno-Èerná Pole
Blatnická-22;1;;;;2017-03-08 10:35:00.000;námìstí 28. øíjna 1, Brno-Èerná Pole
Blatného;15;;;;2017-03-08 10:35:00.000;námìstí 28. øíjna 1, Brno-Èerná Pole
Blatouchová;29;;;;2017-03-08 10:35:00.000;námìstí 28. øíjna 1, Brno-Èerná Pole
Blakova;13;;;;2017-03-08 10:35:00.000;námìstí 28. øíjna 1, Brno-Èerná Pole
Blaovická;4;;;;2017-03-08 10:35:00.000;námìstí 28. øíjna 1, Brno-Èerná Pole
Blodkova;5;;;;2017-03-08 10:35:00.000;námìstí 28. øíjna 1, Brno-Èerná Pole
Blümlova;2;;;;2017-03-13 10:49:00.000;námìstí 28. øíjna 8, Brno-Èerná Pole
Bochoøákova;18;;;;2017-03-13 10:54:00.000;námìstí 28. øíjna 2, Brno-Èerná Pole
Boettingrova;13;;;;2017-03-13 10:54:00.000;námìstí 28. øíjna 2, Brno-Èerná Pole
Bohatcova;1;;;;2017-03-15 14:07:00.000;námìstí 28. øíjna 19, Brno-Èerná Pole
Bohunická;30;;;;2017-03-18 00:43:00.000;námìstí 28. øíjna 1, Brno-Èerná Pole
Bohuslava martinù;29;;;;2017-03-18 00:46:31;námìstí 28. øíjna 1, Brno-Èerná Pole
Bohuòova;57;;;;2017-03-18 06:45:00.000;námìstí 28. dubna, Brno
Bolzanova;24;;;;2017-03-20 11:03:00.000;námìstí 28. øíjna 2, Brno-Èerná Pole
Borky;14;;;;2017-03-20 11:03:00.000;námìstí 28. øíjna 2, Brno-Èerná Pole
Borodinova;9;;;;2017-03-21 13:17:00.000;námìstí 28. øíjna 2, Brno-Èerná Pole
Boskovická;4;;;;2017-03-21 13:17:00.000;námìstí 28. øíjna 2, Brno-Èerná Pole
Bosonoská;87;;;;2017-03-21 13:17:00.000;námìstí 28. øíjna 2, Brno-Èerná Pole
Bosonoské námìstí;22;;;;2017-03-26 00:29:00.000;námìstí 28. øíjna 24, Brno-Èerná Pole
Botanická;607;;;;2017-03-27 14:26:00.000;námìstí 28. øíjna 24, Brno-Èerná Pole
Botanická-u zš;1;;;;2017-03-28 10:43:00.000;námìstí 28. øíjna 2, Brno-Èerná Pole
Botanická-škola;1;;;;2017-03-28 10:43:00.000;námìstí 28. øíjna 2, Brno-Èerná Pole
Boøetická;86;;;;2017-03-28 10:43:00.000;námìstí 28. øíjna 2, Brno-Èerná Pole
Boøivojova;3;;;;2017-03-28 11:00:00.000;námìstí 28. øíjna 1, Brno-Èerná Pole
Boeny nìmcové;49;;;;2017-03-28 11:01:00.000;námìstí 28. øíjna 1, Brno-Èerná Pole
Boeny nìmcové-45;1;;;;2017-03-28 11:03:00.000;námìstí 28. øíjna 1, Brno-Èerná Pole
Boetìchova;156;;;;2017-03-28 11:05:00.000;námìstí 28. øíjna 1, Brno-Èerná Pole
Brandlova;29;;;;2017-03-28 11:06:00.000;námìstí 28. øíjna 1, Brno-Èerná Pole
Branka;1;;;;2017-03-28 11:08:00.000;námìstí 28. øíjna 1, Brno-Èerná Pole
Bratislavská;728;;;;2017-03-28 11:10:00.000;námìstí 28. øíjna 1, Brno-Èerná Pole
Brechtova;18;;;;2017-03-28 11:11:00.000;námìstí 28. øíjna 1, Brno-Èerná Pole
Brechtova-12;1;;;;2017-03-28 11:13:00.000;námìstí 28. øíjna 1, Brno-Èerná Pole
Breitcetlova;4;;;;2017-03-28 11:15:00.000;námìstí 28. øíjna 1, Brno-Èerná Pole
Brigádnická;2;;;;2017-03-28 11:18:00.000;námìstí 28. øíjna 1, Brno-Èerná Pole
Brno;10;;;;2017-03-28 11:20:00.000;námìstí 28. øíjna 1, Brno-Èerná Pole
Brnìnky;5;;;;2017-03-28 11:24:00.000;námìstí 28. øíjna 1, Brno-Èerná Pole
Broskvoòová;5;;;;2017-03-28 11:26:00.000;námìstí 28. øíjna 1, Brno-Èerná Pole
Broíkova;50;;;;2017-03-30 09:26:00.000;námìstí 28. dubna, Brno
Bráfova;33;;;;2017-03-30 10:53:00.000;námìstí 28. øíjna 1, Brno-Èerná Pole
Bubeníèkova;242;;;;2017-03-30 10:55:00.000;námìstí 28. øíjna 1, Brno-Èerná Pole
Buchtova;5;;;;2017-03-30 13:01:00.000;námìstí 28. dubna 41, Brno-Bystrc
Budovcova;2;;;;2017-04-07 10:04:00.000;námìstí 28. dubna 61, Brno-Bystrc
Buková;1;;;;2017-04-09 20:00:00.000;námìstí 28. dubna, Brno
Bulharská;107;;;;2017-04-11 23:50:00.000;námìstí 28. øíjna 1, Brno-Èerná Pole
Bulharská-20c;5;;;;2017-04-11 23:51:00.000;námìstí 28. øíjna 1, Brno-Èerná Pole
Burešova;98;;;;2017-04-11 23:53:00.000;námìstí 28. øíjna 1, Brno-Èerná Pole
Burešova-8;1;;;;2017-04-13 08:03:00.000;námìstí 28. dubna 48, Brno-Bystrc
Burianovo námìstí;22;;;;2017-04-20 08:09:00.000;námìstí 28. dubna 61, Brno-Bystrc
Buzkova;25;;;;2017-04-20 08:23:00.000;námìstí 28. dubna 61, Brno-Bystrc
Buèkova;3;;;;2017-04-20 08:25:00.000;námìstí 28. dubna 61, Brno-Bystrc
Buèovická;4;;;;2017-04-20 08:25:00.000;námìstí 28. dubna 61, Brno-Bystrc
Bystrcká;8;;;;2017-04-20 08:28:00.000;námìstí 28. dubna 61, Brno-Bystrc
Bystøinova;21;;;;2017-04-20 08:30:00.000;námìstí 28. dubna 61, Brno-Bystrc
Bzenecká;92;;;;2017-04-20 08:49:00.000;námìstí 28. dubna 2, Brno-Bystrc
Bílovická;7;;;;2017-04-20 08:51:00.000;námìstí 28. dubna 2, Brno-Bystrc
Bílá hora;2;;;;2017-04-20 08:54:00.000;námìstí 28. dubna 2, Brno-Bystrc
Bílého;2;;;;2017-04-20 08:56:00.000;námìstí 28. dubna 2, Brno-Bystrc
Bítešská;2;;;;2017-04-20 08:59:00.000;námìstí 28. dubna 2, Brno-Bystrc
Böhmova;4;;;;2017-04-20 09:00:00.000;námìstí 28. dubna 2, Brno-Bystrc
Bìhounská;398;;;;2017-04-20 09:02:00.000;námìstí 28. dubna 2, Brno-Bystrc
Bìhounská-10;1;;;;2017-04-20 09:05:00.000;námìstí 28. dubna 2, Brno-Bystrc
Bìlidla;5;;;;2017-04-20 09:55:00.000;námìstí 28. øíjna 12, Brno-Èerná Pole
Bìlohorská;35;;;;2017-04-20 12:43:33;námìstí 28. dubna 2, Brno-Bystrc
Bìloruská;33;;;;2017-04-20 12:44:00.000;námìstí 28. dubna 2, Brno-Bystrc
Bìly paoutové;5;;;;2017-04-20 12:45:00.000;námìstí 28. dubna 2, Brno-Bystrc
Bøeclavská;6;;;;2017-04-21 10:05:00.000;námìstí 28. øíjna 10, Brno-Èerná Pole
Bøenkova;30;;;;2017-04-21 10:05:00.000;námìstí 28. øíjna 10, Brno-Èerná Pole
Bøezinova;82;;;;2017-04-21 10:05:00.000;námìstí 28. øíjna 10, Brno-Èerná Pole
Bøezová;41;;;;2017-04-21 10:36:00.000;námìstí 28. øíjna 2, Brno-Èerná Pole
Cacovice;15;;;;2017-04-21 10:36:00.000;námìstí 28. øíjna 2, Brno-Èerná Pole
Cacovická;32;;;;2017-04-21 11:16:00.000;námìstí 28. øíjna 18, Brno-Èerná Pole
Cacovická-9;1;;;;2017-04-21 22:23:00.000;námìstí 28. øíjna 1, Brno-Èerná Pole
Cejl;502;;;;2017-04-21 22:24:00.000;námìstí 28. øíjna 1, Brno-Èerná Pole
Cejl-2;5;;;;2017-04-21 22:25:00.000;námìstí 28. øíjna 1, Brno-Èerná Pole
Celní-17;1;;;;2017-04-21 22:26:00.000;námìstí 28. øíjna 1, Brno-Èerná Pole
Chalabalova;12;;;;2017-04-23 13:02:00.000;námìstí 28. dubna 61, Brno-Bystrc
Chaloupeckého námìstí;38;;;;2017-04-24 19:45:00.000;námìstí 28. dubna, Brno
Chaloupkova;4;;;;2017-04-24 19:45:00.000;námìstí 28. dubna, Brno
Chaloupky;13;;;;2017-04-25 09:03:00.000;námìstí 28. øíjna 19, Brno-Èerná Pole
Charbulova;69;;;;2017-04-26 20:31:00.000;námìstí 28. dubna-albert, Brno
Charvatská;59;;;;2017-04-26 23:32:00.000;námìstí 28. øíjna 19, Brno-Èerná Pole
Chelèického;10;;;;2017-04-30 10:31:00.000;námìstí 28. dubna-u kostela, Brno
Chironova;7;;;;2017-04-30 16:49:00.000;námìstí 28. dubna, Brno
Chleborádova;2;;;;2017-05-06 22:30:52;námìstí 28. øíjna 19, Brno-Èerná Pole
Chlubnova;1;;;;2017-05-10 15:00:00.000;námìstí 28. dubna 2, Brno-Bystrc
Chlupova;18;;;;2017-05-10 15:03:00.000;námìstí 28. dubna 2, Brno-Bystrc
Chládkova;34;;;;2017-05-13 09:37:16;námìstí 28. øíjna 1, Brno-Èerná Pole
Chmelnice;2;;;;2017-05-13 09:39:00.000;námìstí 28. øíjna 1, Brno-Èerná Pole
Chodská;126;;;;2017-05-13 09:41:00.000;námìstí 28. øíjna 1, Brno-Èerná Pole
Chopinova;36;;;;2017-05-13 09:43:00.000;námìstí 28. øíjna 1, Brno-Èerná Pole
Chrlická;12;;;;2017-05-13 09:44:00.000;námìstí 28. øíjna 1, Brno-Èerná Pole
Chrlické námìstí;3;;;;2017-05-13 09:46:00.000;námìstí 28. øíjna 1, Brno-Èerná Pole
Chrpová;14;;;;2017-05-14 12:57:00.000;námìstí 28. dubna 42, Brno-Bystrc
Chudobova;3;;;;2017-05-14 14:22:00.000;námìstí 28. dubna 34, Brno-Bystrc
Chudèická;36;;;;2017-05-19 09:54:00.000;námìstí 28. dubna 61, Brno-Bystrc
Churého;5;;;;2017-05-20 16:09:00.000;námìstí 28. dubna, Brno
Chvalovka;32;;;;2017-05-20 17:35:00.000;námìstí 28. dubna 2, Brno-Bystrc
Cihláøská;214;;;;2017-05-20 19:35:00.000;námìstí 28. dubna, Brno
Cimburkova;13;;;;2017-05-21 22:00:00.000;námìstí 28. øíjna 1, Brno-Èerná Pole
Colova;8;;;;2017-05-21 22:03:00.000;námìstí 28. øíjna 1, Brno-Èerná Pole
Cornovova;82;;;;2017-05-21 22:05:00.000;námìstí 28. øíjna 1, Brno-Èerná Pole
Cyrilská;14;;;;2017-05-21 22:06:00.000;námìstí 28. øíjna 1, Brno-Èerná Pole
Cyrilská-7;2;;;;2017-05-21 22:08:00.000;námìstí 28. øíjna 1, Brno-Èerná Pole
Dalimilova;22;;;;2017-05-21 22:09:00.000;námìstí 28. øíjna 1, Brno-Èerná Pole
Daèického;12;;;;2017-05-23 20:53:00.000;námìstí 28. øíjna 1, Brno-Èerná Pole
Daèického-5;1;;;;2017-05-23 20:55:00.000;námìstí 28. øíjna 1, Brno-Èerná Pole
Demlova;3;;;;2017-05-23 20:56:00.000;námìstí 28. øíjna 1, Brno-Èerná Pole
Denisovy sady;12;;;;2017-05-23 20:56:00.000;námìstí 28. øíjna 1, Brno-Èerná Pole
Desátková;10;;;;2017-05-24 17:00:00.000;námìstí 28. dubna-albert, Brno
Dillingerova;2;;;;2017-05-24 17:01:00.000;námìstí 28. dubna-albert, Brno
Divadelní;232;;;;2017-05-26 07:39:00.000;námìstí 28. dubna, Brno
Divišova;1;;;;2017-05-26 12:37:00.000;námìstí 28. dubna, Brno
Dlouhá;301;;;;2017-05-29 11:27:00.000;námìstí 28. dubna, Brno
Dlouhé hony;6;;;;2017-05-30 09:44:00.000;námìstí 28. øíjna 1, Brno-Èerná Pole
Dládìná;1;;;;2017-05-30 09:46:00.000;námìstí 28. øíjna 1, Brno-Èerná Pole
Dobrovského;44;;;;2017-05-30 09:48:00.000;námìstí 28. øíjna 1, Brno-Èerná Pole
Dolealova;14;;;;2017-05-30 09:49:00.000;námìstí 28. øíjna 1, Brno-Èerná Pole
Dolnopolní;5;;;;2017-05-30 09:50:00.000;námìstí 28. øíjna 1, Brno-Èerná Pole
Dolní louky;3;;;;2017-05-30 09:51:00.000;námìstí 28. øíjna 1, Brno-Èerná Pole
Domalická;21;;;;2017-05-30 09:52:00.000;námìstí 28. øíjna 1, Brno-Èerná Pole
Dominikánská;55;;;;2017-05-30 09:53:00.000;námìstí 28. øíjna 1, Brno-Èerná Pole
Dominikánské námìstí;515;;;;2017-05-30 09:55:00.000;námìstí 28. øíjna 1, Brno-Èerná Pole
Dornych;1725;;;;2017-05-31 21:12:08;námìstí 28. øíjna 19, Brno-Èerná Pole
Dornych od;1;;;;2017-05-31 23:26:00.000;námìstí 28. øíjna 1, Brno-Èerná Pole
Dornych-39 u;1;;;;2017-05-31 23:28:00.000;námìstí 28. øíjna 1, Brno-Èerná Pole
Dornych-Lidl;1;;;;2017-05-31 23:30:00.000;námìstí 28. øíjna 1, Brno-Èerná Pole
Dornych-x køenová;1;;;;2017-05-31 23:31:00.000;námìstí 28. øíjna 1, Brno-Èerná Pole
Dornych-x zvonaøka;1;;;;2017-05-31 23:32:00.000;námìstí 28. øíjna 1, Brno-Èerná Pole
Dornych-x úzká;1;;;;2017-05-31 23:33:00.000;námìstí 28. øíjna 1, Brno-Èerná Pole
Došlíkova;43;;;;2017-06-03 09:07:00.000;námìstí 28. dubna 22, Brno-Bystrc
Drdy;3;;;;2017-06-05 03:08:00.000;námìstí 28. dubna 22, Brno-Bystrc
Drobného;209;;;;2017-06-05 11:05:00.000;námìstí 28. dubna-OC Javor, Brno
Drustevní;55;;;;2017-06-06 00:18:00.000;námìstí 28. øíjna 1, Brno-Èerná Pole
Drápelova;2;;;;2017-06-06 00:21:00.000;námìstí 28. øíjna 1, Brno-Èerná Pole
Drání;19;;;;2017-06-06 00:23:00.000;námìstí 28. øíjna 1, Brno-Èerná Pole
Drèkova;6;;;;2017-06-06 00:24:00.000;námìstí 28. øíjna 1, Brno-Èerná Pole
Dubová;72;;;;2017-06-06 00:26:00.000;námìstí 28. øíjna 1, Brno-Èerná Pole
Dudíkova;1;;;;2017-06-06 00:27:00.000;námìstí 28. øíjna 1, Brno-Èerná Pole
Dufkovo nábøeí;5;;;;2017-06-06 01:00:00.000;námìstí 28. øíjna 19, Brno-Èerná Pole
Dukelská tøída;169;;;;2017-06-09 14:29:00.000;námìstí 28. øíjna 19, Brno-Èerná Pole
Dulánek;8;;;;2017-06-16 10:19:00.000;námìstí 28. øíjna 19, Brno-Èerná Pole
Dulánek-25;1;;;;2017-06-21 09:39:00.000;námìstí 28. øíjna 11, Brno-Èerná Pole
Dunajevského;14;;;;2017-06-21 09:39:00.000;námìstí 28. øíjna 11, Brno-Èerná Pole
Dunajská;273;;;;2017-06-21 09:44:00.000;námìstí 28. øíjna 9, Brno-Èerná Pole
Durïákova;77;;;;2017-06-21 09:44:00.000;námìstí 28. øíjna 9, Brno-Èerná Pole
Dusíkova;18;;;;2017-06-21 09:49:00.000;námìstí 28. øíjna 6, Brno-Èerná Pole
Dvorecká;3;;;;2017-06-21 09:49:00.000;námìstí 28. øíjna 6, Brno-Èerná Pole
Dvorského;54;;;;2017-06-21 09:55:00.000;námìstí 28. øíjna 6, Brno-Èerná Pole
Dvoøištì;2;;;;2017-06-21 10:01:00.000;námìstí 28. øíjna 3, Brno-Èerná Pole
Dvoøákova;169;;;;2017-06-21 10:01:00.000;námìstí 28. øíjna 3, Brno-Èerná Pole
Dykova;2;;;;2017-06-21 10:04:00.000;námìstí 28. øíjna 3, Brno-Èerná Pole
Díly;1;;;;2017-06-21 11:00:00.000;námìstí 28. øíjna 18, Brno-Èerná Pole
Dìdická;34;;;;2017-06-23 09:28:00.000;námìstí 28. øíjna 19, Brno-Èerná Pole
Dìlnická;307;;;;2017-06-25 21:41:00.000;námìstí 28. dubna, Brno
Døevaøská;207;;;;2017-06-25 21:43:00.000;námìstí 28. dubna, Brno
Eimova;4;;;;2017-06-27 10:23:00.000;námìstí 28. dubna-ÚMÈ, Brno
Eleonory voraèické;19;;;;2017-06-29 08:37:00.000;námìstí 28. dubna 61, Brno-Bystrc
Elgartova;7;;;;2017-06-29 11:37:00.000;námìstí 28. dubna-kostel, Brno
Eliášova;1;;;;2017-07-02 14:09:00.000;námìstí 28. dubna 2, Brno-Bystrc
Elišky krásnohorské;63;;;;2017-07-08 12:39:00.000;námìstí 28. dubna 35, Brno-Bystrc
Elišky machové;11;;;;2017-07-09 09:06:00.000;námìstí 28. dubna 61, Brno-Bystrc
Elišky pøemyslovny;6;;;;2017-07-09 09:08:00.000;námìstí 28. dubna 61, Brno-Bystrc
Elplova;8;;;;2017-07-12 20:51:00.000;námìstí 28. dubna 61, Brno-Bystrc
Erbenova;5;;;;2017-07-12 21:10:00.000;námìstí 28. dubna 61, Brno-Bystrc
Evropská;1;;;;2017-07-14 12:50:00.000;námìstí 28. dubna 61, Brno-Bystrc
Eèerova;64;;;;2017-07-14 14:23:00.000;námìstí 28. dubna 61, Brno-Bystrc
Famìrovo námìstí;1;;;;2017-07-16 06:19:00.000;námìstí 28. dubna, Brno
Fanderlíkova;10;;;;2017-07-17 08:28:00.000;námìstí 28. øíjna 2, Brno-Èerná Pole
Farní;1;;;;2017-07-17 08:28:00.000;námìstí 28. øíjna 2, Brno-Èerná Pole
Farského;1;;;;2017-07-17 08:41:00.000;námìstí 28. øíjna 10, Brno-Èerná Pole
Ferrerova;3;;;;2017-07-17 08:41:00.000;námìstí 28. øíjna 10, Brno-Èerná Pole
Filipova;37;;;;2017-07-17 11:04:00.000;námìstí 28. dubna 2, Brno-Bystrc
Filipínského;6;;;;2017-07-17 14:57:00.000;námìstí 28. dubna 2, Brno-Bystrc
Filkukova;1;;;;2017-07-18 03:29:00.000;námìstí 28. dubna, Brno
Fillova;42;;;;2017-07-19 13:21:00.000;námìstí 28. øíjna 2, Brno-Èerná Pole
Firemní;1;;;;2017-07-19 13:21:00.000;námìstí 28. øíjna 2, Brno-Èerná Pole
Fišova;10;;;;2017-07-21 07:44:00.000;námìstí 28. dubna 61, Brno-Bystrc
Fleischnerova;28;;;;2017-07-21 14:24:00.000;námìstí 28. dubna 61, Brno-Bystrc
Florianova;43;;;;2017-07-22 02:59:00.000;námìstí 28. øíjna 1, Brno-Èerná Pole
Foerstrova;69;;;;2017-07-22 03:00:00.000;námìstí 28. øíjna 1, Brno-Èerná Pole
Foltınova;102;;;;2017-07-27 08:16:00.000;námìstí 28. øíjna, Brno
Foustkova;2;;;;2017-07-27 08:30:00.000;námìstí 28. øíjna 10, Brno-Èerná Pole
Francouzská;43;;;;2017-07-27 08:30:00.000;námìstí 28. øíjna 10, Brno-Èerná Pole
Františky skaunicové;3;;;;2017-08-01 08:18:00.000;námìstí 28. øíjna 10, Brno-Èerná Pole
Františky stránecké;4;;;;2017-08-01 08:21:00.000;námìstí 28. øíjna 10, Brno-Èerná Pole
Františkánská;81;;;;2017-08-01 08:23:00.000;námìstí 28. øíjna 10, Brno-Èerná Pole
Franzova;2;;;;2017-08-03 09:37:00.000;námìstí 28. øíjna 1, Brno-Èerná Pole
Franzova-63 napr.;1;;;;2017-08-03 09:38:00.000;námìstí 28. øíjna 1, Brno-Èerná Pole
Frièova;3;;;;2017-08-03 09:40:00.000;námìstí 28. øíjna 1, Brno-Èerná Pole
Fryèajova;29;;;;2017-08-03 09:42:00.000;námìstí 28. øíjna 1, Brno-Èerná Pole
Fügnerova;8;;;;2017-08-03 09:43:00.000;námìstí 28. øíjna 1, Brno-Èerná Pole
Gabriely preissové;46;;;;2017-08-03 09:44:00.000;námìstí 28. øíjna 1, Brno-Èerná Pole
Gajdošova;329;;;;2017-08-03 09:46:00.000;námìstí 28. øíjna 1, Brno-Èerná Pole
Galandauerova;11;;;;2017-08-03 14:01:00.000;námìstí 28. øíjna 23, Brno-Èerná Pole
Gallašova;10;;;;2017-08-04 14:21:00.000;námìstí 28. øíjna 1, Brno-Èerná Pole
Gargulákova;9;;;;2017-08-04 14:22:00.000;námìstí 28. øíjna 1, Brno-Èerná Pole
Gebauerova;28;;;;2017-08-04 14:23:00.000;námìstí 28. øíjna 1, Brno-Èerná Pole
Geislerova;31;;;;2017-08-07 14:11:00.000;námìstí 28. dubna 41, Brno-Bystrc
Gellnerova;1;;;;2017-08-08 15:30:00.000;námìstí 28. dubna, Brno
Glinkova;19;;;;2017-08-08 15:30:00.000;námìstí 28. dubna, Brno
Glocova;1;;;;2017-08-10 11:28:00.000;námìstí 28. dubna-albert, Brno
Goldova;1;;;;2017-08-10 11:30:00.000;námìstí 28. dubna, Brno
Gorazdova;366;;;;2017-08-10 11:32:00.000;námìstí 28. dubna, Brno
Gorazdova-u kostela;4;;;;2017-08-10 13:14:00.000;námìstí 28. øíjna 23, Brno-Èerná Pole
Gorazdova-u pravosl.;9;;;;2017-08-10 13:19:00.000;námìstí 28. øíjna 2, Brno-Èerná Pole
Gorkého;483;;;;2017-08-14 09:58:00.000;námìstí 28. øíjna 1, Brno-Èerná Pole
Grmelova;38;;;;2017-08-14 10:01:00.000;námìstí 28. øíjna 1, Brno-Èerná Pole
Grohova;105;;;;2017-08-14 10:02:00.000;námìstí 28. øíjna 1, Brno-Èerná Pole
Gromešova;3;;;;2017-08-14 10:04:00.000;námìstí 28. øíjna 1, Brno-Èerná Pole
Gruzínská;96;;;;2017-08-14 10:06:18;námìstí 28. øíjna 1, Brno-Èerná Pole
Haasova;19;;;;2017-08-14 10:08:00.000;námìstí 28. øíjna 1, Brno-Èerná Pole
Habøinova;1;;;;2017-08-14 10:09:00.000;námìstí 28. øíjna 1, Brno-Èerná Pole
Halasovo námìstí;91;;;;2017-08-14 10:11:00.000;námìstí 28. øíjna 1, Brno-Èerná Pole
Hansmannova;15;;;;2017-08-14 10:13:00.000;námìstí 28. øíjna 1, Brno-Èerná Pole
Hanácká;6;;;;2017-08-17 18:41:00.000;námìstí 28. øíjna 18, Brno-Èerná Pole
Hapalova;28;;;;2017-08-18 07:32:00.000;námìstí 28. dubna 8, Brno-Bystrc
Havelkova;62;;;;2017-08-18 12:14:00.000;námìstí 28. dubna 2, Brno-Bystrc
Havlenova;124;;;;2017-08-23 19:53:00.000;námìstí 28. øíjna 24, Brno-Èerná Pole
Havlišova;26;;;;2017-08-23 19:55:00.000;námìstí 28. øíjna 24, Brno-Èerná Pole
Havláskova;1;;;;2017-08-23 20:00:00.000;námìstí 28. øíjna 1, Brno-Èerná Pole
Havlíèkova;35;;;;2017-08-23 20:05:00.000;námìstí 28. øíjna 1, Brno-Èerná Pole
Havraní;7;;;;2017-08-24 22:43:00.000;námìstí 28. øíjna 1, Brno-Èerná Pole
Havránkova;32;;;;2017-08-24 22:45:00.000;námìstí 28. øíjna 1, Brno-Èerná Pole
Haškova;57;;;;2017-08-24 22:47:00.000;námìstí 28. øíjna 1, Brno-Èerná Pole
Haškova-15 za;1;;;;2017-08-24 23:24:00.000;námìstí 28. øíjna 1, Brno-Èerná Pole
Heinrichova;19;;;;2017-08-24 23:26:00.000;námìstí 28. øíjna 1, Brno-Èerná Pole
Helceletova;2;;;;2017-08-25 21:50:00.000;námìstí 28. øíjna 1, Brno-Èerná Pole
Heleny malíøové;41;;;;2017-08-25 21:58:00.000;námìstí 28. øíjna 1, Brno-Èerná Pole
Helenèina;13;;;;2017-08-25 22:02:00.000;námìstí 28. øíjna 1, Brno-Èerná Pole
Helfertova;869;;;;2017-08-27 07:39:00.000;námìstí 28. dubna, Brno
Herbenova;3;;;;2017-08-28 14:35:00.000;námìstí 28. øíjna, Brno
Herèíkova;79;;;;2017-08-28 19:08:00.000;námìstí 28. dubna 61, Brno-Bystrc
Heršpická;58;;;;2017-08-29 14:56:00.000;námìstí 28. dubna, Brno
Heydukova;1;;;;2017-08-29 22:34:00.000;námìstí 28. øíjna 1, Brno-Èerná Pole
Heyrovského;38;;;;2017-08-29 22:35:00.000;námìstí 28. øíjna 1, Brno-Èerná Pole
Heømánková;1;;;;2017-08-29 22:36:00.000;námìstí 28. øíjna 1, Brno-Èerná Pole
Hilleho;28;;;;2017-08-29 22:37:00.000;námìstí 28. øíjna 1, Brno-Èerná Pole
Hladíkova;1;;;;2017-08-29 22:39:00.000;námìstí 28. øíjna 1, Brno-Èerná Pole
Hlavní;216;;;;2017-08-29 22:40:00.000;námìstí 28. øíjna 1, Brno-Èerná Pole
Hlaváèkova;15;;;;2017-08-30 08:08:00.000;námìstí 28. øíjna 23, Brno-Èerná Pole
Hlaváèova;10;;;;2017-08-30 08:16:00.000;námìstí 28. øíjna 2, Brno-Èerná Pole
Hlaváèova-2;2;;;;2017-08-30 08:25:00.000;námìstí 28. øíjna 5, Brno-Èerná Pole
Hlinky;594;;;;2017-08-30 08:35:00.000;námìstí 28. øíjna 10, Brno-Èerná Pole
Hliník;2;;;;2017-08-30 08:35:00.000;námìstí 28. øíjna 10, Brno-Èerná Pole
Hluboká;1;;;;2017-08-30 10:41:00.000;námìstí 28. øíjna 1, Brno-Èerná Pole
Hnìvkovského;294;;;;2017-09-01 06:46:00.000;námìstí 28. øíjna 8, Brno-Èerná Pole
Hoblíkova;30;;;;2017-09-01 18:16:00.000;námìstí 28. dubna 48, Brno-Bystrc
Hochmanova;17;;;;2017-09-02 13:48:00.000;námìstí 28. dubna, Brno
Hodonínská;42;;;;2017-09-03 22:07:00.000;námìstí 28. øíjna 19, Brno-Èerná Pole
Holandská;312;;;;2017-09-03 22:08:00.000;námìstí 28. øíjna 19, Brno-Èerná Pole
Holzova;57;;;;2017-09-03 23:16:00.000;námìstí 28. øíjna 1, Brno-Èerná Pole
Hoppova;80;;;;2017-09-03 23:17:00.000;námìstí 28. øíjna 1, Brno-Èerná Pole
Horní;12;;;;2017-09-03 23:43:00.000;námìstí 28. øíjna 1, Brno-Èerná Pole
Horníkova;32;;;;2017-09-03 23:44:00.000;námìstí 28. øíjna 1, Brno-Èerná Pole
Horova;197;;;;2017-09-03 23:45:00.000;námìstí 28. øíjna 1, Brno-Èerná Pole
Horská;2;;;;2017-09-03 23:47:00.000;námìstí 28. øíjna 1, Brno-Èerná Pole
Horymírova;2;;;;2017-09-03 23:49:00.000;námìstí 28. øíjna 1, Brno-Èerná Pole
Horácké námìstí;117;;;;2017-09-03 23:52:00.000;námìstí 28. øíjna 1, Brno-Èerná Pole
Horákova;8;;;;2017-09-04 13:56:00.000;námìstí 28. øíjna 10, Brno-Èerná Pole
Hostinského;120;;;;2017-09-04 13:56:00.000;námìstí 28. øíjna 10, Brno-Èerná Pole
Hostislavova;1;;;;2017-09-04 13:56:00.000;námìstí 28. øíjna 10, Brno-Èerná Pole
Houbalova;17;;;;2017-09-06 12:20:00.000;námìstí 28. dubna 10, Brno-Bystrc
Houškova;1;;;;2017-09-12 10:21:00.000;námìstí 28. øíjna 19, Brno-Èerná Pole
Hoštická;17;;;;2017-09-12 10:23:00.000;námìstí 28. øíjna 19, Brno-Èerná Pole
Hrad veveøí;1;;;;2017-09-13 14:56:00.000;námìstí 28. øíjna 23, Brno-Èerná Pole
Hradecká;154;;;;2017-09-13 15:03:00.000;námìstí 28. øíjna 2, Brno-Èerná Pole
Hranièky;18;;;;2017-09-13 17:59:00.000;námìstí 28. øíjna 23, Brno-Èerná Pole
Hrnèíøská;414;;;;2017-09-13 18:04:00.000;námìstí 28. øíjna 2, Brno-Èerná Pole
Hromádkova;61;;;;2017-09-13 18:16:00.000;námìstí 28. øíjna 10, Brno-Èerná Pole
Hroznová;3;;;;2017-09-14 08:45:00.000;námìstí 28. dubna 48, Brno-Bystrc
Hrozòatova;7;;;;2017-09-14 08:45:00.000;námìstí 28. dubna 48, Brno-Bystrc
Hrubého;22;;;;2017-09-15 11:30:00.000;námìstí 28. øíjna 3, Brno-Èerná Pole
Hrušòová;2;;;;2017-09-16 03:07:00.000;námìstí 28. øíjna 23, Brno-Èerná Pole
Hrázka;68;;;;2017-09-18 00:12:00.000;námìstí 28. øíjna 1, Brno-Èerná Pole
Hrázní;576;;;;2017-09-18 00:14:00.000;námìstí 28. øíjna 1, Brno-Èerná Pole
Hrázní-U lva;1;;;;2017-09-18 00:15:00.000;námìstí 28. øíjna 1, Brno-Èerná Pole
Hrázní-U septima;6;;;;2017-09-18 00:16:00.000;námìstí 28. øíjna 1, Brno-Èerná Pole
Hrázní-zátoka;1;;;;2017-09-18 00:17:00.000;námìstí 28. øíjna 1, Brno-Èerná Pole
Hubrova;8;;;;2017-09-18 00:18:00.000;námìstí 28. øíjna 1, Brno-Èerná Pole
Hudcova;47;;;;2017-09-18 00:19:00.000;námìstí 28. øíjna 1, Brno-Èerná Pole
Hujíèkova;1;;;;2017-09-18 00:20:00.000;námìstí 28. øíjna 1, Brno-Èerná Pole
Humenná;8;;;;2017-09-18 00:22:00.000;námìstí 28. øíjna 1, Brno-Èerná Pole
Husitská;221;;;;2017-09-18 00:24:00.000;námìstí 28. øíjna 1, Brno-Èerná Pole
Husitská-9;1;;;;2017-09-21 08:51:00.000;námìstí 28. dubna 2, Brno-Bystrc
Husova;310;;;;2017-09-21 08:51:00.000;námìstí 28. dubna 2, Brno-Bystrc
Husova-3 zezadu;2;;;;2017-09-21 08:55:00.000;námìstí 28. dubna 2, Brno-Bystrc
Husovická;41;;;;2017-09-21 08:55:00.000;námìstí 28. dubna 2, Brno-Bystrc
Hutaøova;58;;;;2017-09-21 08:55:00.000;námìstí 28. dubna 2, Brno-Bystrc
Hviezdoslavova;9;;;;2017-09-21 08:58:00.000;námìstí 28. dubna 2, Brno-Bystrc
Hvozdecká;45;;;;2017-09-21 09:00:00.000;námìstí 28. dubna 2, Brno-Bystrc
Hvìzdová;176;;;;2017-09-21 11:54:00.000;námìstí 28. dubna 61, Brno-Bystrc
Hvìzdárenská;6;;;;2017-09-21 15:02:00.000;námìstí 28. dubna 2, Brno-Bystrc
Hybešova;1435;;;;2017-09-22 09:08:00.000;námìstí 28. øíjna 8, Brno-Èerná Pole
Hájkova;11;;;;2017-09-26 10:14:00.000;námìstí 28. dubna 61, Brno-Bystrc
Hálkova;77;;;;2017-09-27 11:41:00.000;námìstí 28. øíjna 19, Brno-Èerná Pole
Högrova;6;;;;2017-09-27 11:41:00.000;námìstí 28. øíjna 19, Brno-Èerná Pole
Húskova;33;;;;2017-09-27 16:12:00.000;námìstí 28. øíjna 23, Brno-Èerná Pole
Ibsenova;34;;;;2017-09-29 01:49:00.000;námìstí 28. øíjna 1, Brno-Èerná Pole
Ibsenova-5;2;;;;2017-09-29 01:51:00.000;námìstí 28. øíjna 1, Brno-Èerná Pole
Irkutská;23;;;;2017-09-29 01:52:00.000;námìstí 28. øíjna 1, Brno-Èerná Pole
Ivanovické námìstí;6;;;;2017-09-29 01:52:00.000;námìstí 28. øíjna 1, Brno-Èerná Pole
Jabloòová;13;;;;2017-09-29 01:55:00.000;námìstí 28. øíjna 1, Brno-Èerná Pole
Jahodová;7;;;;2017-10-04 02:06:00.000;námìstí 28. øíjna 1, Brno-Èerná Pole
Jakuba obrovského;32;;;;2017-10-04 02:15:00.000;námìstí 28. øíjna 1, Brno-Èerná Pole
Jakubská;95;;;;2017-10-04 02:17:00.000;námìstí 28. øíjna 1, Brno-Èerná Pole
Jakubské námìstí;203;;;;2017-10-04 02:19:00.000;námìstí 28. øíjna 1, Brno-Èerná Pole
Jamborova;31;;;;2017-10-04 02:20:00.000;námìstí 28. øíjna 1, Brno-Èerná Pole
Jana babáka;103;;;;2017-10-04 02:22:00.000;námìstí 28. øíjna 1, Brno-Èerná Pole
Jana neèase;5;;;;2017-10-04 02:24:00.000;námìstí 28. øíjna 1, Brno-Èerná Pole
Jana svobody;31;;;;2017-10-05 13:07:00.000;námìstí 28. øíjna 1, Brno-Èerná Pole
Jana uhra;295;;;;2017-10-05 13:18:00.000;námìstí 28. øíjna 23, Brno-Èerná Pole
Jandáskova;1;;;;2017-10-05 13:28:00.000;námìstí 28. øíjna 10, Brno-Èerná Pole
Janouškova;38;;;;2017-10-05 13:28:00.000;námìstí 28. øíjna 10, Brno-Èerná Pole
Janáèkovo námìstí;14;;;;2017-10-05 13:31:00.000;námìstí 28. øíjna 11, Brno-Èerná Pole
Jarní;6;;;;2017-10-11 10:55:00.000;námìstí 28. øíjna 19, Brno-Èerná Pole
Jasanová;16;;;;2017-10-11 10:56:00.000;námìstí 28. øíjna 19, Brno-Èerná Pole
Jaselská;105;;;;2017-10-12 17:13:00.000;námìstí 28. dubna 2, Brno-Bystrc
Javorová;1;;;;2017-10-13 22:23:00.000;námìstí 28. øíjna 1, Brno-Èerná Pole
Jedlová;4;;;;2017-10-13 22:24:00.000;námìstí 28. øíjna 1, Brno-Èerná Pole
Jedovnická;43;;;;2017-10-17 10:02:00.000;námìstí 28. øíjna 19, Brno-Èerná Pole
Jehliènatá;3;;;;2017-10-18 23:07:00.000;námìstí 28. øíjna 1, Brno-Èerná Pole
Jehnická;3;;;;2017-10-18 23:09:00.000;námìstí 28. øíjna 1, Brno-Èerná Pole
Jelínkova;14;;;;2017-10-18 23:09:00.000;námìstí 28. øíjna 1, Brno-Èerná Pole
Jemelkova;60;;;;2017-10-18 23:11:00.000;námìstí 28. øíjna 1, Brno-Èerná Pole
Jeneweinova;35;;;;2017-10-18 23:12:00.000;námìstí 28. øíjna 1, Brno-Èerná Pole
Jeronımova;16;;;;2017-10-18 23:13:00.000;námìstí 28. øíjna 1, Brno-Èerná Pole
Jezerní;1;;;;2017-10-18 23:14:00.000;námìstí 28. øíjna 1, Brno-Èerná Pole
Jezuitská;430;;;;2017-10-18 23:16:00.000;námìstí 28. øíjna 1, Brno-Èerná Pole
Jeèná;25;;;;2017-10-18 23:57:00.000;námìstí 28. øíjna 23, Brno-Èerná Pole
Jeøabinová;4;;;;2017-10-21 08:46:00.000;námìstí 28. dubna, Brno
Jeøábkova;16;;;;2017-10-22 10:16:00.000;námìstí 28. dubna, Brno
Jekova;8;;;;2017-10-23 09:52:00.000;námìstí 28. øíjna 10, Brno-Èerná Pole
Jihlavská;306;;;;2017-10-23 09:52:00.000;námìstí 28. øíjna 10, Brno-Èerná Pole
Jihomoravské námìstí;15;;;;2017-10-23 09:58:00.000;námìstí 28. øíjna 10, Brno-Èerná Pole
Jilemnického;24;;;;2017-10-23 10:12:00.000;námìstí 28. øíjna 2, Brno-Èerná Pole
Jindøichova;18;;;;2017-10-23 10:21:00.000;námìstí 28. øíjna 2, Brno-Èerná Pole
Jircháøe;18;;;;2017-10-23 10:29:00.000;námìstí 28. øíjna 8, Brno-Èerná Pole
Jiránkova;11;;;;2017-10-23 10:36:00.000;námìstí 28. øíjna 1, Brno-Èerná Pole
Jiráskova;191;;;;2017-10-23 10:36:00.000;námìstí 28. øíjna 1, Brno-Èerná Pole
Jiøíkovského;12;;;;2017-10-24 04:03:00.000;námìstí 28. øíjna 1, Brno-Èerná Pole
Jiní námìstí;1;;;;2017-10-24 04:06:00.000;námìstí 28. øíjna 1, Brno-Èerná Pole
Josefská;140;;;;2017-10-24 04:07:00.000;námìstí 28. øíjna 1, Brno-Èerná Pole
Josefy faimonové;72;;;;2017-10-24 04:09:00.000;námìstí 28. øíjna 1, Brno-Èerná Pole
Joukalova;11;;;;2017-10-24 04:11:12.040;námìstí 28. øíjna 1, Brno-Èerná Pole
Joštova;134;;;;2017-10-25 08:15:00.000;námìstí 28. øíjna 19-naproti, Brno-Èerná Pole
Joštova-6 zezadu;2;;;;2017-10-26 11:01:00.000;námìstí 28. øíjna 19, Brno-Èerná Pole
Joky jabùrkové;1;;;;2017-10-30 10:35:00.000;námìstí 28. dubna 48, Brno-Bystrc
Jubilejní;3;;;;2017-10-31 11:50:00.000;námìstí 28. øíjna 17, Brno-Èerná Pole
Jugoslávská;552;;;;2017-11-01 13:20:00.000;námìstí 28. øíjna 1, Brno-Èerná Pole
Juliánovské námìstí;28;;;;2017-11-01 13:20:00.000;námìstí 28. øíjna 1, Brno-Èerná Pole
Jundrov;1;;;;2017-11-01 13:27:00.000;námìstí 28. øíjna 2, Brno-Èerná Pole
Jundrovská;5;;;;2017-11-01 13:27:00.000;námìstí 28. øíjna 2, Brno-Èerná Pole
Jungmannova;15;;;;2017-11-01 13:35:00.000;námìstí 28. øíjna 8, Brno-Èerná Pole
Junácká;2;;;;2017-11-01 13:46:00.000;námìstí 28. øíjna 10, Brno-Èerná Pole
Juranka;1;;;;2017-11-01 13:46:00.000;námìstí 28. øíjna 10, Brno-Èerná Pole
Jurkovièova;10;;;;2017-11-02 14:24:00.000;námìstí 28. dubna, Brno
Jánošíkova;5;;;;2017-11-07 12:47:00.000;námìstí 28. øíjna 1, Brno-Èerná Pole
Jánská;219;;;;2017-11-07 12:47:00.000;námìstí 28. øíjna 1, Brno-Èerná Pole
Jánská-1/3;1;;;;2017-11-07 12:47:00.000;námìstí 28. øíjna 1, Brno-Èerná Pole
Jánská-25;1;;;;2017-11-07 12:55:00.000;námìstí 28. øíjna 2, Brno-Èerná Pole
Járy cimrmana;2;;;;2017-11-07 12:55:00.000;námìstí 28. øíjna 2, Brno-Èerná Pole
Jílkova;43;;;;2017-11-07 12:55:00.000;námìstí 28. øíjna 2, Brno-Èerná Pole
Jílová;40;;;;2017-11-07 13:07:00.000;námìstí 28. øíjna 8, Brno-Èerná Pole
Jírova;40;;;;2017-11-07 23:39:00.000;námìstí 28. øíjna 1, Brno-Èerná Pole
Jírovcova;51;;;;2017-11-07 23:43:00.000;námìstí 28. øíjna 1, Brno-Èerná Pole
K babì;77;;;;2017-11-07 23:45:00.000;námìstí 28. øíjna 1, Brno-Èerná Pole
K bukovinám;7;;;;2017-11-07 23:48:00.000;námìstí 28. øíjna 1, Brno-Èerná Pole
K dálnici;3;;;;2017-11-08 09:32:00.000;námìstí 28. øíjna 11, Brno-Èerná Pole
K lesu;5;;;;2017-11-08 09:40:00.000;námìstí 28. øíjna 10, Brno-Èerná Pole
K lázinkám;1;;;;2017-11-08 09:50:00.000;námìstí 28. øíjna 10, Brno-Èerná Pole
K rybníku;5;;;;2017-11-08 19:43:00.000;námìstí 28. dubna 2, Brno-Bystrc
K sídlišti;1;;;;2017-11-08 21:16:00.000;námìstí 28. dubna 61, Brno-Bystrc
K terminálu;12;;;;2017-11-09 10:00:00.000;námìstí 28. øíjna 10, Brno-Èerná Pole
K západi;9;;;;2017-11-09 10:21:00.000;námìstí 28. øíjna 2, Brno-Èerná Pole
Kabátníkova;10;;;;2017-11-09 10:21:00.000;námìstí 28. øíjna 2, Brno-Èerná Pole
Kachlíkova;24;;;;2017-11-09 10:28:00.000;námìstí 28. øíjna 1, Brno-Èerná Pole
Kainarova;3;;;;2017-11-09 10:28:11.000;námìstí 28. øíjna 1, Brno-Èerná Pole
Kaleckého;14;;;;2017-11-13 04:16:00.000;námìstí 28. øíjna 1, Brno-Èerná Pole
Kallabova;15;;;;2017-11-13 04:18:00.000;námìstí 28. øíjna 1, Brno-Èerná Pole
Kaloudova;9;;;;2017-11-13 04:21:00.000;námìstí 28. øíjna 1, Brno-Èerná Pole
Kalvodova;13;;;;2017-11-13 04:22:00.000;námìstí 28. øíjna 1, Brno-Èerná Pole
Kamanova;30;;;;2017-11-13 04:23:00.000;námìstí 28. øíjna 1, Brno-Èerná Pole
Kamechy;53;;;;2017-11-13 04:25:15;námìstí 28. øíjna 1, Brno-Èerná Pole
Kamenaèky;26;;;;2017-11-13 16:30:00.000;námìstí 28. øíjna 4, Brno-Èerná Pole
Kamenice;173;;;;2017-11-16 17:34:00.000;námìstí 28. øíjna 19, Brno-Èerná Pole
Kamenná;97;;;;2017-11-20 10:04:00.000;námìstí 28. øíjna 9, Brno-Èerná Pole
Kamenomlınskı most;2;;;;2017-11-20 10:17:00.000;námìstí 28. øíjna 10, Brno-Èerná Pole
Kameníèkova;6;;;;2017-11-20 10:32:00.000;námìstí 28. øíjna 10, Brno-Èerná Pole
Kampelíkova;6;;;;2017-11-20 10:45:00.000;námìstí 28. øíjna 11, Brno-Èerná Pole
Kamínky;87;;;;2017-11-20 10:54:00.000;námìstí 28. øíjna 2, Brno-Èerná Pole
Kapucínské námìstí;686;;;;2017-11-20 10:54:00.000;námìstí 28. øíjna 2, Brno-Èerná Pole
Karkulínova;1;;;;2017-11-21 10:25:00.000;námìstí 28. øíjna 19, Brno-Èerná Pole
Karlova;4;;;;2017-11-21 10:26:00.000;námìstí 28. øíjna 19, Brno-Èerná Pole
Karolíny svìtlé;3;;;;2017-11-21 12:50:00.000;námìstí 28. øíjna 1, Brno-Èerná Pole
Karpatská;2;;;;2017-11-21 12:50:00.000;námìstí 28. øíjna 1, Brno-Èerná Pole
Kartouzská;31;;;;2017-11-21 12:55:00.000;námìstí 28. øíjna 2, Brno-Èerná Pole
Karáskovo námìstí;37;;;;2017-11-21 12:55:00.000;námìstí 28. øíjna 2, Brno-Èerná Pole
Kavèí;16;;;;2017-11-21 12:55:00.000;námìstí 28. øíjna 2, Brno-Èerná Pole
Kaštanová;31;;;;2017-11-21 13:50:00.000;námìstí 28. øíjna 10, Brno-Èerná Pole
Ke statku;27;;;;2017-11-21 14:02:00.000;námìstí 28. øíjna 10, Brno-Èerná Pole
Kejbaly;8;;;;2017-11-23 03:27:16;námìstí 28. øíjna 1, Brno-Èerná Pole
Kellnerova;4;;;;2017-11-23 03:28:00.000;námìstí 28. øíjna 1, Brno-Èerná Pole
Keøová;8;;;;2017-11-23 03:29:00.000;námìstí 28. øíjna 1, Brno-Èerná Pole
Kigginsova;13;;;;2017-11-23 03:31:00.000;námìstí 28. øíjna 1, Brno-Èerná Pole
Kladivova;9;;;;2017-11-23 03:32:00.000;námìstí 28. øíjna 1, Brno-Èerná Pole
Klajdovská;13;;;;2017-11-23 09:29:00.000;námìstí 28. øíjna 10, Brno-Èerná Pole
Klarisky;24;;;;2017-11-23 09:32:00.000;námìstí 28. øíjna 10, Brno-Èerná Pole
Klatovská;169;;;;2017-11-23 09:33:00.000;námìstí 28. øíjna 10, Brno-Èerná Pole
Klecandova;9;;;;2017-11-24 08:48:00.000;námìstí 28. øíjna 11, Brno-Èerná Pole
Klimešova;7;;;;2017-11-24 08:53:00.000;námìstí 28. øíjna 6, Brno-Èerná Pole
Klobouèek;1;;;;2017-11-24 08:56:00.000;námìstí 28. øíjna 6, Brno-Èerná Pole
Klobásova;6;;;;2017-11-24 08:59:00.000;námìstí 28. øíjna 4, Brno-Èerná Pole
Klokoèí;1;;;;2017-11-24 08:59:00.000;námìstí 28. øíjna 4, Brno-Èerná Pole
Kluchova;9;;;;2017-11-24 09:05:00.000;námìstí 28. øíjna 3, Brno-Èerná Pole
Klusáèkova;53;;;;2017-11-24 09:11:00.000;námìstí 28. øíjna 1, Brno-Èerná Pole
Klácelova;16;;;;2017-11-24 09:14:00.000;námìstí 28. øíjna 1, Brno-Èerná Pole
Klášterského;6;;;;2017-11-24 09:15:00.000;námìstí 28. øíjna 1, Brno-Èerná Pole
Klímova;90;;;;2017-11-24 09:19:00.000;námìstí 28. øíjna 1, Brno-Èerná Pole
Klíny;10;;;;2017-11-24 09:20:00.000;námìstí 28. øíjna 1, Brno-Èerná Pole
Klíèova;44;;;;2017-11-24 09:23:00.000;námìstí 28. øíjna 1, Brno-Èerná Pole
Kneslova;31;;;;2017-11-27 09:48:00.000;námìstí 28. øíjna 10, Brno-Èerná Pole
Knínièská;10;;;;2017-11-27 10:19:00.000;námìstí 28. øíjna 10, Brno-Èerná Pole
Kobliná;104;;;;2017-12-01 20:49:00.000;námìstí 28. dubna, Brno
Kobylnická;4;;;;2017-12-15 16:34:00.000;námìstí 28. dubna 35a, Brno-Bystrc
Kociánka;3;;;;2017-12-16 17:31:00.000;námìstí 28. dubna 20, Brno-Bystrc
Kohoutova;11;;;;2017-12-19 03:50:00.000;námìstí 28. øíjna 9, Brno-Èerná Pole
Kohoutovická;5;;;;2017-12-19 03:53:00.000;námìstí 28. øíjna 9, Brno-Èerná Pole
Kolaøíkova;36;;;;2017-12-19 03:57:00.000;námìstí 28. øíjna 9, Brno-Èerná Pole
Kolejní;175;;;;2017-12-22 19:23:00.000;námìstí 28. dubna, Brno
Kolištì;184;;;;2017-12-29 16:35:00.000;námìstí 28. dubna 2, Brno-Bystrc
Kolištì-x køenová;1;;;;;
Kolištì-x lidická;2;;;;;
Kollárova;28;;;;;
Koláèkova;6;;;;;
Kolískova;10;;;;;
Komenského námìstí;41;;;;;
Komprdova;7;;;;;
Komárovská;8;;;;;
Komárovské nábøeí;3;;;;;
Komínská;32;;;;;
Koneèného námìstí;12;;;;;
Koniklecová;186;;;;;
Konopná;61;;;;;
Konradova;35;;;;;
Konrádova;1;;;;;
Koperníkova;31;;;;;
Kopeèná;520;;;;;
Kopeèná-11;3;;;;;
Korejská;66;;;;;
Kosmova;24;;;;;
Kosmákova;37;;;;;
Kosíkova;6;;;;;
Kotkova;2;;;;;
Kotlanova;27;;;;;
Kotláøská;253;;;;;
Kotulánova;1;;;;;
Kotìrova;19;;;;;
Kounicova;2079;;;;;
Kounicova-4 u;1;;;;;
Kounicova-65 zezadu;10;;;;;
Kounicova-72;1;;;;;
Koutného;5;;;;;
Kovaøovicova;85;;;;;
Kovácká;10;;;;;
Kováøská;2;;;;;
Kozí;105;;;;;
Kozí horka;2;;;;;
Koøenského;2;;;;;
Koøískova;13;;;;;
Košinova;42;;;;;
Košulièova;2;;;;;
Koeluská;4;;;;;
Krajní;1;;;;;
Krasová;2;;;;;
Krausova;20;;;;;
Kraví hora;98;;;;;
Krejèího;6;;;;;
Kremlièkova;6;;;;;
Kristenova;22;;;;;
Krkoškova;25;;;;;
Kroftova;5;;;;;
Krokova;25;;;;;
Kromìøíská;10;;;;;
Krondlova;4;;;;;
Kronova;2;;;;;
Kroupova;5;;;;;
Krymská;33;;;;;
Králova;7;;;;;
Královka;1;;;;;
Královopolská;58;;;;;
Královopolskı tunel;1;;;;;
Krásného;124;;;;;
Kubelíkova;3;;;;;
Kubešova;20;;;;;
Kubova;3;;;;;
Kubánská;64;;;;;
Kubíkova;7;;;;;
Kubíèkova;550;;;;;
Kubíèkova-8 akát;7;;;;;
Kubíèkova-Max;1;;;;;
Kudelova;38;;;;;
Kudelova-8;1;;;;;
Kuklenská;3;;;;;
Kuldova;107;;;;;
Kunzova;14;;;;;
Kunzova-8;1;;;;;
Kunštátská;9;;;;;
Kupkova;13;;;;;
Kurská;106;;;;;
Kuršova;88;;;;;
Kuèerova;1;;;;;
Kuøimská;3;;;;;
Kvapilova;8;;;;;
Kvìtináøská;52;;;;;
Kvìtná;3;;;;;
Kyjevská;89;;;;;
Kytnerova;2;;;;;
Kárníkova;6;;;;;
Káèata;7;;;;;
Körnerova;25;;;;;
Køehlíkova;7;;;;;
Køenová;320;;;;;
Køenová-x špitálka;1;;;;;
Køepelèí;15;;;;;
Køivánkovo námìstí;37;;;;;
Køivánky;1;;;;;
Køivého;2;;;;;
Køikovského;1;;;;;
Køiíkova;77;;;;;
Køiíkova-42;2;;;;;
Køiíkova-9 b;4;;;;;
Køiíkova-9d;1;;;;;
Køídlovická;440;;;;;
Køíkovského;19;;;;;
Køíová;8;;;;;
Kšírova;77;;;;;
Labská;117;;;;;
Lacinova;1;;;;;
Ladova;13;;;;;
Langrova;23;;;;;
Lazaretní;100;;;;;
Laštùvkova;117;;;;;
Ledárenská;1;;;;;
Leitnerova;68;;;;;
Lelekovice;1;;;;;
Lelkova;33;;;;;
Lerchova;28;;;;;
Lesnická;81;;;;;
Lesní;1;;;;;
Letecká;4;;;;;
Letní;2;;;;;
Letovická;30;;;;;
Libušina tøída;178;;;;;
Libušino údolí;11;;;;;
Lidická;809;;;;;
Lidická-6;1;;;;;
Lidická-63 b;1;;;;;
Lieberzeitova;38;;;;;
Liliová;1;;;;;
Lipová;8;;;;;
Lipská;10;;;;;
Listnatá;2;;;;;
Lišejníková;1;;;;;
Lomená;9;;;;;
Loosova;26;;;;;
Lozíbky;2;;;;;
Ludmily koneèné;12;;;;;
Luh;3;;;;;
Luèiny;1;;;;;
Luèní;101;;;;;
Luická;7;;;;;
Luná;45;;;;;
Luánecká;198;;;;;
Luánecká-12;1;;;;;
Luánecká-4a;1;;;;;
Luáneckı park;44;;;;;
Lány;113;;;;;
Lískovecká;1;;;;;
Lísky;9;;;;;
Líšeòská;90;;;;;
Lıskova;118;;;;;
Mahenova;3;;;;;
Majdalenky;44;;;;;
Makovského námìstí;1246;;;;;
Malešovská;2;;;;;
Malinovského námìstí;210;;;;;
Malinová;1;;;;;
Malostranská;4;;;;;
Malátova;16;;;;;
Malínská;1;;;;;
Mandloòová;3;;;;;
Manièky;20;;;;;
Marešova;14;;;;;
Marie hübnerové;38;;;;;
Marie kudeøíkové;11;;;;;
Marie majerové;3;;;;;
Marie steyskalové;42;;;;;
Mariánské námìstí;29;;;;;
Mariánské údolí;14;;;;;
Markovièova;1;;;;;
Markéty kuncové;23;;;;;
Markùvky;103;;;;;
Martina ševèíka;7;;;;;
Martinkova;3;;;;;
Masarova;27;;;;;
Masarykova;169;;;;;
Masarykova-x bašty;1;;;;;
Masarykova-x nádraní;1;;;;;
Masarykùv okruh;1;;;;;
Masná;61;;;;;
Matalova;1;;;;;
Mathonova;147;;;;;
Mathonova-82;1;;;;;
Matlachova;1;;;;;
Matulkova;20;;;;;
Matzenauerova;6;;;;;
Mazourova;11;;;;;
Maøákova;4;;;;;
Maøíkova;43;;;;;
Maškova;43;;;;;
Maškova-1;1;;;;;
Medlánecká;53;;;;;
Melatín;1;;;;;
Meluzínova;14;;;;;
Mendlovo námìstí;562;;;;;
Merhautova;707;;;;;
Meruòková;1;;;;;
Metodìjova;42;;;;;
Mezníkova;11;;;;;
Mezírka;585;;;;;
Mezírka-5;1;;;;;
Meèová;37;;;;;
Meèíøova;14;;;;;
Michalova;1;;;;;
Mifkova;4;;;;;
Mikulovská;58;;;;;
Mikuláškovo námìstí;44;;;;;
Mikulèická;18;;;;;
Mikšíèkova;6;;;;;
Milady horákové;92;;;;;
Milénova;36;;;;;
Minoritská;27;;;;;
Minská;349;;;;;
Mlınská;141;;;;;
Mlınské nábøeí;10;;;;;
Modøická;4;;;;;
Modøínová;1;;;;;
Mojmírovo námìstí;652;;;;;
Mojíšova;1;;;;;
Mokrohorská;1;;;;;
Moldavská;79;;;;;
Molákova;104;;;;;
Moravanská;4;;;;;
Moravská;1;;;;;
Moravské námìstí;338;;;;;
Mostecká;29;;;;;
Mozartova;453;;;;;
Mozolky;39;;;;;
Mošnova;1;;;;;
Mrkosova;10;;;;;
Muchova;3;;;;;
Musilova;24;;;;;
Musorgského;8;;;;;
Mutìnická;42;;;;;
Muèednická;16;;;;;
Muškátová;1;;;;;
Myslbekova;1;;;;;
Myslivecká;1;;;;;
Mysliveèkova;19;;;;;
Myslivní;6;;;;;
Myslínova;4;;;;;
Máchalova;5;;;;;
Máchova;11;;;;;
Mácova;1;;;;;
Májová;3;;;;;
Mánesova;58;;;;;
Mášova;288;;;;;
Mírová;14;;;;;
Místní;1;;;;;
Míèkova;5;;;;;
Mìnínská;28;;;;;
Mìøièkova;7;;;;;
Mìšanská;11;;;;;
Na kovárnì;1;;;;;
Na lukách;3;;;;;
Na pískové;27;;;;;
Nad dìdinou;7;;;;;
Nad kašnou;2;;;;;
Nad pisárkami;1;;;;;
Nad pøehradou;41;;;;;
Nadaèní;24;;;;;
Navrátilova;19;;;;;
Nedbalova;2;;;;;
Nejedlého;34;;;;;
Neklanova;21;;;;;
Nekle;6;;;;;
Nerudova;178;;;;;
Netopırky;122;;;;;
Netroufalky;971;;;;;
Netušilova;12;;;;;
Neumannova;2;;;;;
Neuilova;129;;;;;
Nezamyslova;19;;;;;
Nezvalova;34;;;;;
Nešverova;2;;;;;
Nivky;4;;;;;
Nohavicova;2;;;;;
Nopova;74;;;;;
Nouzová;2;;;;;
Novobranská;197;;;;;
Novodvorská;3;;;;;
Novolíšeòská;217;;;;;
Novomìstská;78;;;;;
Nová;1;;;;;
Nováèkova;125;;;;;
Nováèkova-21;1;;;;;
Nováèkova-51;3;;;;;
Nové nivky;1;;;;;
Nové námìstí;7;;;;;
Nové sady;196;;;;;
Nádraní;1381;;;;;
Nádraní-7;1;;;;;
Nádraní-x hybešova;1;;;;;
Nádvorní;139;;;;;
Náhorní;2;;;;;
Nálepkova;21;;;;;
Náplavka;31;;;;;
Nároní;1;;;;;
Návrší svobody;1;;;;;
Obecní;13;;;;;
Obilní trh;1303;;;;;
Obilní trh-11;1;;;;;
Obilní trh-u;1;;;;;
Oblá;586;;;;;
Obvodová;139;;;;;
Obøanská;51;;;;;
Obøanská-39a;1;;;;;
Obùrky;3;;;;;
Odbojáøská;16;;;;;
Oderská;48;;;;;
Odlehlá;1;;;;;
Okrouhlá;118;;;;;
Okruní;24;;;;;
Olbrachtovo námìstí;31;;;;;
Oldøišky keithové;1;;;;;
Olomoucká;72;;;;;
Olšová;4;;;;;
Olší;1;;;;;
Ondrouškova;43;;;;;
Ondrova;24;;;;;
Ondráèkova;10;;;;;
Ondøíèkovo námìstí;4;;;;;
Opavská;78;;;;;
Opletalova;113;;;;;
Optátova;16;;;;;
Opuštìná;13;;;;;
Opálkova;66;;;;;
Orlí;389;;;;;
Osová;32;;;;;
Ostopovická;1;;;;;
Ostrovaèická;7;;;;;
Ostruinová;4;;;;;
Ostrá;5;;;;;
Otakara ševèíka;26;;;;;
Otevøená;11;;;;;
Otiskova;1;;;;;
Ovocná;5;;;;;
Oøechovská;54;;;;;
Oøešínská;2;;;;;
Pahrbek;3;;;;;
Palachovo námìstí;85;;;;;
Palackého námìstí;36;;;;;
Palackého tøída;1435;;;;;
Palackého vrch;5;;;;;
Palcary;463;;;;;
Palcary-50;1;;;;;
Palírenská;2;;;;;
Panenská;4;;;;;
Panská;69;;;;;
Panská-12/14;1;;;;;
Pastrnkova;30;;;;;
Pastviny;77;;;;;
Pavlovská;49;;;;;
Pavlíkova;2;;;;;
Pechova;15;;;;;
Pechova-14;1;;;;;
Pekaøská;1105;;;;;
Pekaøská-22;1;;;;;
Pekárenská;34;;;;;
Pellicova;2248;;;;;
Pellicova-1B;1;;;;;
Peroutková;16;;;;;
Perunova;5;;;;;
Petra køivky;421;;;;;
Petrov;21;;;;;
Petrská;219;;;;;
Petrùvky;1;;;;;
Petøvaldská;2;;;;;
Pflegrova;2;;;;;
Pionırská;4;;;;;
Pisárecká;18;;;;;
Pivovarská;19;;;;;
Plachtova;3;;;;;
Plachty;57;;;;;
Plevova;10;;;;;
Plotní;122;;;;;
Plovdivská;111;;;;;
Plynárenská;2;;;;;
Pod borovníkem;1;;;;;
Pod cestou;1;;;;;
Pod holednou;1;;;;;
Pod horkou;18;;;;;
Pod hády;1;;;;;
Pod kaštany;267;;;;;
Pod kopcem;12;;;;;
Pod mniší;1;;;;;
Pod mniší horou;52;;;;;
Pod nemocnicí;58;;;;;
Pod sídlištìm;2;;;;;
Pod zahradami;1;;;;;
Pod èervenou;2;;;;;
Podbìlová;9;;;;;
Podhájí;3;;;;;
Podlesná;1;;;;;
Podlesí;5;;;;;
Podlipná;8;;;;;
Podlomní;2;;;;;
Podnikatelská;106;;;;;
Podnásepní;14;;;;;
Podolská;3;;;;;
Podpíseèná;46;;;;;
Podpìrova;23;;;;;
Podruhova;7;;;;;
Podsedky;13;;;;;
Podsednická;8;;;;;
Podskalská;1;;;;;
Podstránská;4;;;;;
Podveská;10;;;;;
Podìbradova;23;;;;;
Pohankova;6;;;;;
Pohoøelec;23;;;;;
Polní;627;;;;;
Poláèkova;30;;;;;
Polívkova;4;;;;;
Pompova;2;;;;;
Ponávka;338;;;;;
Ponávka-3b;1;;;;;
Popelova;1;;;;;
Popelákova;11;;;;;
Porhajmova;40;;;;;
Poráka;1;;;;;
Potocká;5;;;;;
Potácelova;17;;;;;
Poznaòská;78;;;;;
Poøíèí;426;;;;;
Poštovská;110;;;;;
Poštovská-5;2;;;;;
Poární;1;;;;;
Pramenná;5;;;;;
Pratecká;1;;;;;
Praská;80;;;;;
Praákova;36;;;;;
Preslova;3;;;;;
Prodlouená;2;;;;;
Prokešova;1;;;;;
Prokofjevova;29;;;;;
Prokopa velikého;1;;;;;
Prokopùv kopec;1;;;;;
Prostìjovská;10;;;;;
Prostøední;1;;;;;
Provazníkova;291;;;;;
Proškovo námìstí;5;;;;;
Prumperk;2;;;;;
Prušánecká;146;;;;;
Práèata;2;;;;;
Prùchodní;8;;;;;
Ptašínského;30;;;;;
Puchıøova;10;;;;;
Purkyòova;974;;;;;
Puškinova;3;;;;;
Pálavské;1;;;;;
Pálavské námìstí;243;;;;;
Páteøní;19;;;;;
Píseèník;1;;;;;
Píškova;2;;;;;
Pøadlácká;419;;;;;
Pøadlácká-2;2;;;;;
Pøadlácká-4;25;;;;;
Pøední;11;;;;;
Pøemyslovo námìstí;19;;;;;
Pøíkop;207;;;;;
Pøímá;7;;;;;
Pøírodní;113;;;;;
Pøístavní;335;;;;;
Pøístavní-u hráze;1;;;;;
Pøístavní-u kosa;1;;;;;
Pøívrat;19;;;;;
Pøízova;29;;;;;
Pøíèky;2;;;;;
Pøíèní;101;;;;;
Pšeník;25;;;;;
Pšikalova;3;;;;;
Radlas;9;;;;;
Radnická;179;;;;;
Raisova;4;;;;;
Rajhradská;3;;;;;
Rakovecká;806;;;;;
Rakovecká hotel;11;;;;;
Rakovecká zátoka;1;;;;;
Rakovecká-u kozla;8;;;;;
Rakovecká-u musila;8;;;;;
Ramešova;13;;;;;
Rašelinová;2;;;;;
Rašínova;62;;;;;
Rebešovická;11;;;;;
Reissigova;37;;;;;
Rekreaèní;12;;;;;
Renneská tøída;142;;;;;
Renèova;36;;;;;
Rerychova;116;;;;;
Resslova;35;;;;;
Revoluèní;11;;;;;
Rezkova;11;;;;;
Rená;1;;;;;
Rená-8;1;;;;;
Richtrova;4;;;;;
Riegrova;27;;;;;
Roháèkova;3;;;;;
Rokycanova;13;;;;;
Rokytova;226;;;;;
Rolencova;1;;;;;
Rolnická;153;;;;;
Rooseveltova;1331;;;;;
Rooseveltova divadla;1;;;;;
Rooseveltova u;1;;;;;
Rooseveltova wc;9;;;;;
Rosická;7;;;;;
Rosického námìstí;13;;;;;
Rostislavovo námìstí;23;;;;;
Rostislavovo námìstí1;2;;;;;
Rotalova;78;;;;;
Rotreklova;3;;;;;
Roubalova;6;;;;;
Rousínovská;12;;;;;
Rovinka;2;;;;;
Roviny;9;;;;;
Rovná;6;;;;;
Rozdrojovická;7;;;;;
Rozmarınová;7;;;;;
Rozárka;2;;;;;
Rudišova;11;;;;;
Rumištì;93;;;;;
Rumištì-11;2;;;;;
Ruská;20;;;;;
Ruskı vrch;1;;;;;
Rybkova;250;;;;;
Rybnická;10;;;;;
Rybníèek;20;;;;;
Rybáøská;47;;;;;
Rybízová;5;;;;;
Rygle;2;;;;;
Rysova;9;;;;;
Ryšánkova;30;;;;;
Rázusova;11;;;;;
Ríšova;4;;;;;
Rùová;1;;;;;
Sadaøská;1;;;;;
Sadovského;7;;;;;
Sady;1;;;;;
Sady-12;3;;;;;
Salajní;3;;;;;
Samoty;1;;;;;
Scheinerova;6;;;;;
Schodová;5;;;;;
Schreberovy zahrádky;6;;;;;
Schwaigrova;40;;;;;
Sedla;1;;;;;
Sedlákova;6;;;;;
Sedláèkova;56;;;;;
Seifertova;346;;;;;
Sejkorova;3;;;;;
Sekaninova;6;;;;;
Selská;11;;;;;
Sevastopolská;99;;;;;
Sevøená;1;;;;;
Sibiøská;12;;;;;
Sirotkova;95;;;;;
Skalní;2;;;;;
Skandinávská;106;;;;;
Skopalíkova;93;;;;;
Skorkovského;22;;;;;
Skoøepka;81;;;;;
Skryjova;3;;;;;
Skutilova;5;;;;;
Skácelova;114;;;;;
Skøivanova;117;;;;;
Skøivanova-2;1;;;;;
Skøivánèí;1;;;;;
Sladkovského;4;;;;;
Sladkého;2;;;;;
Sladovnická;5;;;;;
Sladová;19;;;;;
Sladová-2;3;;;;;
Sladová-4;1;;;;;
Slatinka;1;;;;;
Slatinská;10;;;;;
Slavkovská;5;;;;;
Slavíèkova;88;;;;;
Slepá;23;;;;;
Slepá-27;1;;;;;
Slevaèská;7;;;;;
Slezská;6;;;;;
Slovanské námìstí;86;;;;;
Slovinská;43;;;;;
Slovákova;51;;;;;
Sluneèná;10;;;;;
Sládkova;4;;;;;
Slámova;49;;;;;
Slívova;25;;;;;
Smetanova;563;;;;;
Smetanova-8;2;;;;;
Sobolova;4;;;;;
Sobotkova;4;;;;;
Sobìšická;31;;;;;
Sochorova;169;;;;;
Sochorova-36;10;;;;;
Sokolnická;6;;;;;
Sokolova;595;;;;;
Sokolova-2b;1;;;;;
Sokolská;75;;;;;
Solnièní;150;;;;;
Sosnová;1;;;;;
Soubìná;47;;;;;
Soudní;41;;;;;
Souhrady;24;;;;;
Soukenická;129;;;;;
Soukopova;11;;;;;
Sousední;1;;;;;
Souèkova;13;;;;;
Sovinec;1;;;;;
Sovova;8;;;;;
Spodní;131;;;;;
Spojovací;16;;;;;
Spolková;12;;;;;
Sportovní;89;;;;;
Sportovní-21 kaufland;1;;;;;
Spálená;8;;;;;
Spáèilova;31;;;;;
Spìšná;4;;;;;
Srbská;177;;;;;
Srnèí;3;;;;;
Stamicova;54;;;;;
Starobrnìnská;369;;;;;
Stará;31;;;;;
Stará dálnice;12;;;;;
Stará osada;247;;;;;
Stará-2;1;;;;;
Staré námìstí;5;;;;;
Stavební;6;;;;;
Staòkova;296;;;;;
Staòkova-42;1;;;;;
Stejskalova;7;;;;;
Stojanova;48;;;;;
Stojanova-14;2;;;;;
Strakatého;10;;;;;
Strmá;6;;;;;
Strnadova;26;;;;;
Stromovka;1;;;;;
Stránská;4;;;;;
Stránského;65;;;;;
Stránická;2;;;;;
Strání;1;;;;;
Studentská;84;;;;;
Studená;5;;;;;
Studnièní;1;;;;;
Studánka;150;;;;;
Støední;164;;;;;
Støedova;28;;;;;
Støelnice;2;;;;;
Støíova;1;;;;;
Sukova;202;;;;;
Suzova;6;;;;;
Sušilova;58;;;;;
Sušilova-3;1;;;;;
Svahová;2;;;;;
Svatopetrská;10;;;;;
Svatopluka èecha;120;;;;;
Svatoplukova;101;;;;;
Svitavská;54;;;;;
Svitavské nábøeí;10;;;;;
Svratecká;558;;;;;
Svratecká-3;2;;;;;
Sváná;458;;;;;
Synkova;73;;;;;
Síèka;1;;;;;
Sıpka;39;;;;;
Talichova;2;;;;;
Taussigova;2;;;;;
Technická;219;;;;;
Tenorova;3;;;;;
Terasová;1;;;;;
Tererova;6;;;;;
Terezy novákové;103;;;;;
Teslova;2;;;;;
Teyschlova;330;;;;;
Tichého;2;;;;;
Tilhonova;5;;;;;
Tišnovská;43;;;;;
Tkalcovská;121;;;;;
Tolstého;5;;;;;
Tomanova;14;;;;;
Tomeèkova;31;;;;;
Tomeèkova-5 za;3;;;;;
Tomešova;2;;;;;
Tomkovo námìstí;2;;;;;
Tomáškova;5;;;;;
Topolky;27;;;;;
Tovaèovského;2;;;;;
Toèná;27;;;;;
Traubova;152;;;;;
Traubova-24;1;;;;;
Traubova-28;1;;;;;
Trnitá;221;;;;;
Trnkova;395;;;;;
Troubská;3;;;;;
Trtílkova;2;;;;;
Trávníky;14;;;;;
Trávníèkova;6;;;;;
Trıbova;119;;;;;
Trní;9;;;;;
Tuháèkova;3;;;;;
Tumaòanova;1;;;;;
Turgenìvova;57;;;;;
Turistická;42;;;;;
Tuèkova;126;;;;;
Tuèkova-18;1;;;;;
Tuøanka;87;;;;;
Tuøanská;1;;;;;
Tuøanské námìstí;6;;;;;
Tvrdonická;3;;;;;
Tvrdého;49;;;;;
Tylova;11;;;;;
Tyršova;88;;;;;
Tyršùv sad;12;;;;;
Tábor;108;;;;;
Táborská;377;;;;;
Táborská-214;1;;;;;
Táborského nábøeí;11;;;;;
Tìsnohlídkova;62;;;;;
Tìšínská;41;;;;;
Tìební;21;;;;;
Tøískalova;18;;;;;
Tùmova;4;;;;;
U høištì;46;;;;;
U køivé;4;;;;;
U leskavy;3;;;;;
U luhu;3;;;;;
U potoka;7;;;;;
U pošty;254;;;;;
U sokolovny;6;;;;;
U velké;12;;;;;
U viaduktu;33;;;;;
U vleèky;9;;;;;
U vodárny;204;;;;;
U zoologické zahrady;72;;;;;
U èerveného;14;;;;;
Uhelná;1185;;;;;
Uhelná-u auto;15;;;;;
Uhlíøova;1;;;;;
Ukrajinská;131;;;;;
Ulièka;60;;;;;
Ulièka václava;1;;;;;
Uprkova;4;;;;;
Urbánkova;12;;;;;
Urxova;3;;;;;
Uzavøená;2;;;;;
Uzbecká;128;;;;;
V aleji;47;;;;;
V luzích;1;;;;;
V nové;3;;;;;
V újezdech;56;;;;;
Vachova;24;;;;;
Vackova;14;;;;;
Vaculíkova;41;;;;;
Valašská;4;;;;;
Valcha;13;;;;;
Valchaøská;23;;;;;
Valouškova;78;;;;;
Valtická;54;;;;;
Vaníèkova;1;;;;;
Vanèurova;2;;;;;
Vavøinecká;18;;;;;
Vaòhalova;278;;;;;
Vaòkovka;3;;;;;
Vaòkovo námìstí;4;;;;;
Vaškova;2;;;;;
Ve vaòkovce;62;;;;;
Vedlejší;30;;;;;
Vejrostova;57;;;;;
Vejrostova-U rampa;1;;;;;
Vejrostova-u zš;3;;;;;
Vejrostova-u školy;2;;;;;
Veleckého;4;;;;;
Veleslavínova;6;;;;;
Veletrní;58;;;;;
Velkopavlovická;146;;;;;
Velká klajdovka;1;;;;;
Venhudova;37;;;;;
Venhudova-14;1;;;;;
Venhudova-25;1;;;;;
Veselá;1408;;;;;
Veselá-1/3;3;;;;;
Veselá-12;1;;;;;
Veselá-Skrytá;1;;;;;
Veslaøská;166;;;;;
Veveøí;2095;;;;;
Veveøí-26;1;;;;;
Veveøí-28;1;;;;;
Veveøí-35;1;;;;;
Vilová;1;;;;;
Vinaøického;40;;;;;
Vinaøská;56;;;;;
Vinièní;459;;;;;
Vinièní-240;2;;;;;
Vinohradská;9;;;;;
Vinohrady;31;;;;;
Vitáskova;2;;;;;
Višòová;1;;;;;
Vlasty fialové;1;;;;;
Vlasty pittnerové;1;;;;;
Vlhká;135;;;;;
Vlkova;10;;;;;
Vlnitá;12;;;;;
Vltavská;39;;;;;
Vlárská;3;;;;;
Vlènovská;30;;;;;
Vnitøní;6;;;;;
Vodaøská;6;;;;;
Vodní;220;;;;;
Vodova;178;;;;;
Vohnoutova;3;;;;;
Vojanova;11;;;;;
Vojtova;102;;;;;
Volejníkova;3;;;;;
Volfova;5;;;;;
Vomáèkova;3;;;;;
Vondrákova;68;;;;;
Voronìská;52;;;;;
Voøíškova;263;;;;;
Vranovská;248;;;;;
Vranovská-77;1;;;;;
Vranovská-99;1;;;;;
Vrbenského;5;;;;;
Vrbovecká;1;;;;;
Vrchlického sad;109;;;;;
Vránova;20;;;;;
Vrázova;31;;;;;
Vsetínská;27;;;;;
Vychodilova;101;;;;;
Vycházková;2;;;;;
Vyhlídalova;10;;;;;
Vyhlídka;1;;;;;
Vymazalova;4;;;;;
Vysoká;10;;;;;
Vyškovská;4;;;;;
Vzdálená;1;;;;;
Vzhledná;6;;;;;
Václavkova;6;;;;;
Václavská;292;;;;;
Vápenka;6;;;;;
Váného;35;;;;;
Vídeòská;346;;;;;
Vídeòská-u unionu;1;;;;;
Vítìzná;15;;;;;
Vítìzslavy kaprálové;9;;;;;
Vıhon;5;;;;;
Vıletní;5;;;;;
Vıstavní;183;;;;;
Vıstavní-1;1;;;;;
Vızkumní;1;;;;;
Vıšina;9;;;;;
Vìstonická;102;;;;;
Vìtrná;22;;;;;
Všetièkova;18;;;;;
Wainerovo námìstí;7;;;;;
Weissova;4;;;;;
Wilsonùv les;12;;;;;
Wintrova;1;;;;;
Wollmanova;70;;;;;
Wurmova;6;;;;;
Ypsilantiho;33;;;;;
Ypsilantiho-5;2;;;;;
Za divadlem;626;;;;;
Za knìskım;4;;;;;
Za kostelem;7;;;;;
Za mostem;26;;;;;
Za parkem;1;;;;;
Za vodojemem;3;;;;;
Za školou;8;;;;;
Zachova;5;;;;;
Zahradnická;195;;;;;
Zahradníkova;285;;;;;
Zajeèí hora;29;;;;;
Zamilovanı hájek;1;;;;;
Zapletalova;171;;;;;
Zatloukalova;1;;;;;
Zavøená;11;;;;;
Zborovská;174;;;;;
Zderadova;11;;;;;
Zdráhalova;51;;;;;
Zeiberlichova;29;;;;;
Zeleného;10;;;;;
Zelná;4;;;;;
Zelnı trh;1075;;;;;
Zemkova;11;;;;;
Zemìdìlská;269;;;;;
Zengrova;1;;;;;
Zeyerova;4;;;;;
Zezulova;1;;;;;
Zikova;11;;;;;
Zlatníky;2;;;;;
Zlínská;4;;;;;
Zoubkova;74;;;;;
Zubatého;4;;;;;
Zvonaøka;16;;;;;
Zvonaøka-ÚAN nástupištì;1;;;;;
Zvìøinova;73;;;;;
Zábranského;3;;;;;
Zábrdovická;29;;;;;
Záhumní;7;;;;;
Záhøebská;77;;;;;
Zájezdní;1;;;;;
Zákoutí;2;;;;;
Zámecká;91;;;;;
Zámeènická;70;;;;;
Zámeènická-6;1;;;;;
Závist;2;;;;;
Závodní;1;;;;;
Závodského;1;;;;;
Závìtøí;2;;;;;
Zázmolí;2;;;;;
akátky;2;;;;;
beethovenova;1;;;;;
bratøí køièkù;2;;;;;
bratøí mrštíkù;3;;;;;
bratøí pelíškù;4;;;;;
bratøí èapkù;31;;;;;
bratøí ùrkù;4;;;;;
hrad špilberk;1;;;;;
husovickı tunel;1;;;;;
kaštanova;1;;;;;
kosmonautù;18;;;;;
kounicova;55;;;;;
námìstí;491;;;;;
námìstí 28. øíjna;10;;;;;
námìstí karla;9;;;;;
námìstí míru;14;;;;;
námìstí odboje;1;;;;;
námìstí republiky;84;;;;;
námìstí snp;107;;;;;
námìstí svobody;208;;;;;
námìstí svornosti;53;;;;;
park marie;1;;;;;
podchod;3;;;;;
podchod k;2;;;;;
pøístavištì;1;;;;;
pøístavní;2;;;;;
pøístavní-1;1;;;;;
pøístavní-2;1;;;;;
rokle;1;;;;;
sady osvobození;3;;;;;
splaviska;1;;;;;
tøída generála;97;;;;;
tøída kpt.;1034;;;;;
ulice;1;;;;;
ulice kosmonautù;22;;;;;
ulice èoupkovıch;16;;;;;
Údolní;1213;;;;;
Údolní-54;2;;;;;
Údolní-u porodnice;7;;;;;
Údolí oddechu;2;;;;;
Úhledná;1;;;;;
Újezdy;1;;;;;
Úlehle;2;;;;;
Úpatní;17;;;;;
Útìchovská;16;;;;;
Úvoz;348;;;;;
Úzká;146;;;;;
Úzká-Tesco parkovištì;1;;;;;
Úzká-Vaòkovka;1;;;;;
Èajkovského;14;;;;;
Èechyòská;70;;;;;
Èechyòská-x mlınská;1;;;;;
Èejkova;2;;;;;
Èejkovická;23;;;;;
Èermákova;29;;;;;
Èernohorská;102;;;;;
Èernopolní;639;;;;;
Èernopolní-3;1;;;;;
Èernopolní-44;1;;;;;
Èernovická;23;;;;;
Èernovické nábøeí;5;;;;;
Èernovièky;9;;;;;
Èernozemní;1;;;;;
Èerného;295;;;;;
Èerného-50;2;;;;;
Èerníkova;1;;;;;
Èertova rokle;2;;;;;
Èervenı kopec;5;;;;;
Èervinkova;18;;;;;
Èeská;38;;;;;
Èeská-28a;1;;;;;
Èeòka rùièky;56;;;;;
Èichnova;16;;;;;
Èihadla;1;;;;;
Ètvrtì;8;;;;;
Èápkova;167;;;;;
èoupkovıch èoupkovıch;1;;;;;
Øehoøova;60;;;;;
Øezáèova;61;;;;;
Øeèkovická;9;;;;;
Øímské námìstí;2;;;;;
Øípská;133;;;;;
Øíèanská;35;;;;;
Šafaøíkova;2;;;;;
Šaldova;11;;;;;
Šalounova;1;;;;;
Šaumannova;8;;;;;
Šelepova;21;;;;;
Šemberova;9;;;;;
Šeránkova;25;;;;;
Ševcova;2;;;;;
Ševelova;3;;;;;
Šeøíková;1;;;;;
Šikmá;1;;;;;
Šilingrovo námìstí;195;;;;;
Šimáèkova;9;;;;;
Široká;2;;;;;
Škrobárenská;14;;;;;
Škrochova;5;;;;;
Škroupova;72;;;;;
Škrétova;9;;;;;
Škárova;4;;;;;
Šmahova;17;;;;;
Šmejkalova;27;;;;;
Šmídkova;1;;;;;
Šoustalova;7;;;;;
Špaèkova;3;;;;;
Špilberk;58;;;;;
Špilberk-u hradu;1;;;;;
Špitálka;76;;;;;
Šromova;12;;;;;
Šrámkova;8;;;;;
Štefánikova;517;;;;;
Štefáèkova;9;;;;;
Štolcova;34;;;;;
Štouraèova;93;;;;;
Štursova;10;;;;;
Štıøické nábøeí;16;;;;;
Štìpánská;53;;;;;
Šujanovo námìstí;27;;;;;
Šumavská;425;;;;;
Švermova;73;;;;;
Švermùv park;5;;;;;
Švábenského;1;;;;;
Švédská;4;;;;;
Šámalova;60;;;;;
abovøeská;1;;;;;
abí;1;;;;;
ampachova;5;;;;;
arošická;35;;;;;
ebìtínek;1;;;;;
ebìtínská;96;;;;;
ebìtínská-u tunılku;5;;;;;
ebìtínská-x stará;1;;;;;
eleznièní;12;;;;;
erotínovo námìstí;202;;;;;
ilkova;9;;;;;
itná;46;;;;;
ivného;25;;;;;
ivotského;18;;;;;
ikova;152;;;;;
leb;1;;;;;
lutı kopec;33;;;;;
líbek;1;;;;;
abovøeské zahrádky;3;;;;;
