ulice,město,celkem,dopravní
1. Května,Brno,1,
Absolonova,Brno,39,30
Adamcova,Brno,11,10
Adamovská,Brno,25,25
Akademická,Brno,73,73
Akátky,Brno,2,
Akátová,Brno,1,1
Alešova,Brno,12,12
Ambrožova,Brno,1,1
Amerlingova,Brno,22,22
Andrýskova,Brno,2,2
Anenská,Brno,61,60
Antala Staška,Brno,14,13
Antonína Macka,Brno,54,53
Antonína Procházky,Brno,3,3
Antonína Slavíka,Brno,11,11
Antonínská,Brno,335,331
Arbesova,Brno,21,18
Arménská,Brno,18,17
Arne Nováka,Brno,9,9
Auerswaldova,Brno,1,1
Axmanova,Brno,13,7
Azurová,Brno,5,5
Baarovo Nábřeží,Brno,6,5
Babická,Brno,2,2
Babičkova,Brno,25,24
Bakalovo Nábřeží,Brno,188,167
Balbínova,Brno,4,4
Banskobystrická,Brno,17,17
Bartolomějská,Brno,4,1
Bartošova,Brno,8,8
Bartákova,Brno,7,4
Barvičova,Brno,7,7
Barvy,Brno,10,10
Barvířská,Brno,35,35
Bauerova,Brno,7,6
Bayerova,Brno,182,168
Bačovského,Brno,1,
Bašného,Brno,38,37
Bašty,Brno,218,187
Bednaříkova,Brno,2,
Bednářova,Brno,4,
Bedřichovická,Brno,1,
Beethovenova,Brno,268,263
Belcrediho,Brno,1,
Bellova,Brno,93,89
Bendlova,Brno,8,8
Benešova,Brno,1819,1548
Berkova,Brno,89,86
Bernáčkova,Brno,1,
Besední,Brno,23,23
Bezejmenná,Brno,3,3
Bezinková,Brno,1,
Bezručova,Brno,247,245
Bešůvka,Brno,3,2
Bidláky,Brno,11,11
Bieblova,Brno,178,162
Biskupská,Brno,826,825
Björnsenův Sad,Brno,461,453
Blanenská,Brno,1,1
Blatnická,Brno,67,62
Blatného,Brno,15,15
Blatouchová,Brno,29,26
Blažkova,Brno,13,7
Blažovická,Brno,4,4
Blodkova,Brno,5,5
Blümlova,Brno,2,2
Bochořákova,Brno,18,18
Boettingrova,Brno,13,4
Bohatcova,Brno,1,1
Bohunická,Brno,30,28
Bohuslava Martinů,Brno,29,29
Bohuňova,Brno,57,57
Bolzanova,Brno,24,22
Borky,Brno,14,14
Borodinova,Brno,9,9
Boskovická,Brno,4,4
Bosonožská,Brno,87,82
Bosonožské Náměstí,Brno,22,18
Botanická,Brno,609,597
Bořetická,Brno,86,76
Bořivojova,Brno,3,3
Boženy Němcové,Brno,50,50
Božetěchova,Brno,156,148
Brandlova,Brno,29,29
Branka,Brno,1,
Bratislavská,Brno,728,717
Bratří Křičků,Brno,2,2
Bratří Mrštíků,Brno,3,2
Bratří Pelíšků,Brno,4,4
Bratří Čapků,Brno,31,31
Bratří Žůrků,Brno,4,2
Brechtova,Brno,19,17
Breitcetlova,Brno,4,3
Brigádnická,Brno,2,2
Brno,Brno,10,8
Brněnky,Brno,5,5
Broskvoňová,Brno,5,5
Brožíkova,Brno,50,45
Bráfova,Brno,33,29
Bubeníčkova,Brno,242,118
Buchtova,Brno,5,4
Budovcova,Brno,2,1
Buková,Brno,1,1
Bulharská,Brno,112,109
Burešova,Brno,99,97
Burianovo Náměstí,Brno,22,22
Buzkova,Brno,25,24
Bučkova,Brno,3,1
Bučovická,Brno,4,2
Bystrcká,Brno,8,3
Bystřinova,Brno,21,21
Bzenecká,Brno,92,78
Bílovická,Brno,7,7
Bílá Hora,Brno,2,
Bílého,Brno,2,2
Bítešská,Brno,2,2
Böhmova,Brno,4,4
Běhounská,Brno,399,395
Bělidla,Brno,5,5
Bělohorská,Brno,35,26
Běloruská,Brno,33,28
Běly Pažoutové,Brno,5,5
Břeclavská,Brno,6,4
Břenkova,Brno,30,30
Březinova,Brno,82,79
Březová,Brno,41,40
Cacovice,Brno,15,
Cacovická,Brno,33,22
Cejl,Brno,507,487
Celní,Brno,1,1
Chalabalova,Brno,12,7
Chaloupeckého Náměstí,Brno,38,37
Chaloupkova,Brno,4,4
Chaloupky,Brno,13,10
Charbulova,Brno,69,57
Charvatská,Brno,59,57
Chelčického,Brno,10,9
Chironova,Brno,7,3
Chleborádova,Brno,2,2
Chlubnova,Brno,1,1
Chlupova,Brno,18,18
Chládkova,Brno,34,29
Chmelnice,Brno,2,1
Chodská,Brno,126,114
Chopinova,Brno,36,33
Chrlická,Brno,12,10
Chrlické Náměstí,Brno,3,2
Chrpová,Brno,14,4
Chudobova,Brno,3,3
Chudčická,Brno,36,36
Churého,Brno,5,3
Chvalovka,Brno,32,32
Cihlářská,Brno,214,207
Cimburkova,Brno,13,3
Colova,Brno,8,8
Cornovova,Brno,82,42
Cyrilská,Brno,16,12
Dalimilova,Brno,22,20
Dačického,Brno,13,13
Demlova,Brno,3,3
Denisovy Sady,Brno,12,
Desátková,Brno,10,10
Dillingerova,Brno,2,2
Divadelní,Brno,232,229
Divišova,Brno,1,1
Dlouhá,Brno,301,218
Dlouhé Hony,Brno,6,6
Dlážděná,Brno,1,
Dobrovského,Brno,44,34
Doležalova,Brno,14,13
Dolnopolní,Brno,5,
Dolní Louky,Brno,3,3
Domažlická,Brno,21,21
Dominikánská,Brno,55,52
Dominikánské Náměstí,Brno,515,503
Dornych,Brno,1731,657
Došlíkova,Brno,43,41
Drdy,Brno,3,2
Drobného,Brno,209,207
Družstevní,Brno,55,54
Drápelova,Brno,2,2
Drážní,Brno,19,18
Drčkova,Brno,6,6
Dubová,Brno,72,55
Dudíkova,Brno,1,1
Dufkovo Nábřeží,Brno,5,
Dukelská Třída,Brno,169,167
Dulánek,Brno,9,9
Dunajevského,Brno,14,14
Dunajská,Brno,273,235
Durďákova,Brno,77,73
Dusíkova,Brno,18,5
Dvorecká,Brno,3,2
Dvorského,Brno,54,7
Dvořiště,Brno,2,2
Dvořákova,Brno,169,168
Dykova,Brno,2,2
Díly,Brno,1,1
Dědická,Brno,34,14
Dělnická,Brno,307,306
Dřevařská,Brno,207,186
Eimova,Brno,4,4
Eleonory Voračické,Brno,19,19
Elgartova,Brno,7,6
Eliášova,Brno,1,1
Elišky Krásnohorské,Brno,63,59
Elišky Machové,Brno,11,10
Elišky Přemyslovny,Brno,6,5
Elplova,Brno,8,5
Erbenova,Brno,5,5
Evropská,Brno,1,1
Ečerova,Brno,64,30
Faměrovo Náměstí,Brno,1,
Fanderlíkova,Brno,10,4
Farní,Brno,1,
Farského,Brno,1,
Ferrerova,Brno,3,3
Filipova,Brno,37,33
Filipínského,Brno,6,4
Filkukova,Brno,1,1
Fillova,Brno,42,38
Firemní,Brno,1,1
Fišova,Brno,10,10
Fleischnerova,Brno,28,26
Florianova,Brno,43,42
Foerstrova,Brno,69,66
Foltýnova,Brno,102,98
Foustkova,Brno,2,2
Francouzská,Brno,43,41
Františky Skaunicové,Brno,3,3
Františky Stránecké,Brno,4,4
Františkánská,Brno,81,79
Franzova,Brno,3,3
Fričova,Brno,3,3
Fryčajova,Brno,29,24
Fügnerova,Brno,8,6
Gabriely Preissové,Brno,46,45
Gajdošova,Brno,329,325
Galandauerova,Brno,11,11
Gallašova,Brno,10,9
Gargulákova,Brno,9,7
Gebauerova,Brno,28,27
Geislerova,Brno,31,29
Gellnerova,Brno,1,1
Glinkova,Brno,19,15
Glocova,Brno,1,1
Goldova,Brno,1,
Gorazdova,Brno,379,377
Gorkého,Brno,483,479
Grmelova,Brno,38,37
Grohova,Brno,105,102
Gromešova,Brno,3,3
Gruzínská,Brno,96,93
Haasova,Brno,19,17
Habřinova,Brno,1,1
Halasovo Náměstí,Brno,91,49
Hansmannova,Brno,15,15
Hanácká,Brno,6,2
Hapalova,Brno,28,22
Havelkova,Brno,62,59
Havlenova,Brno,124,114
Havlišova,Brno,26,26
Havláskova,Brno,1,1
Havlíčkova,Brno,35,35
Havraní,Brno,7,5
Havránkova,Brno,32,32
Haškova,Brno,58,54
Heinrichova,Brno,19,19
Helceletova,Brno,2,2
Heleny Malířové,Brno,41,36
Helenčina,Brno,13,13
Helfertova,Brno,869,869
Herbenova,Brno,3,3
Herčíkova,Brno,79,72
Heršpická,Brno,58,20
Heydukova,Brno,1,
Heyrovského,Brno,38,37
Heřmánková,Brno,1,1
Hilleho,Brno,28,28
Hladíkova,Brno,1,
Hlavní,Brno,216,211
Hlaváčkova,Brno,15,15
Hlaváčova,Brno,12,12
Hlinky,Brno,594,591
Hliník,Brno,2,
Hluboká,Brno,1,
Hněvkovského,Brno,294,287
Hoblíkova,Brno,30,20
Hochmanova,Brno,17,14
Hodonínská,Brno,42,36
Holandská,Brno,312,297
Holzova,Brno,57,55
Hoppova,Brno,80,78
Horní,Brno,12,10
Horníkova,Brno,32,27
Horova,Brno,197,191
Horská,Brno,2,1
Horymírova,Brno,2,1
Horácké Náměstí,Brno,117,109
Horákova,Brno,8,7
Hostinského,Brno,120,120
Hostislavova,Brno,1,1
Houbalova,Brno,17,4
Houškova,Brno,1,1
Hoštická,Brno,17,15
Hrad Veveří,Brno,1,1
Hrad Špilberk,Brno,1,1
Hradecká,Brno,154,39
Hraničky,Brno,18,16
Hrnčířská,Brno,414,401
Hromádkova,Brno,61,60
Hroznová,Brno,3,1
Hrozňatova,Brno,7,6
Hrubého,Brno,22,22
Hrušňová,Brno,2,2
Hrázka,Brno,68,66
Hrázní,Brno,584,540
Hubrova,Brno,8,5
Hudcova,Brno,47,41
Hujíčkova,Brno,1,1
Humenná,Brno,8,8
Husitská,Brno,222,217
Husova,Brno,312,310
Husovická,Brno,41,37
Husovický Tunel,Brno,1,1
Hutařova,Brno,58,57
Hviezdoslavova,Brno,9,3
Hvozdecká,Brno,45,44
Hvězdová,Brno,176,171
Hvězdárenská,Brno,6,6
Hybešova,Brno,1435,1419
Hájkova,Brno,11,8
Hálkova,Brno,77,74
Högrova,Brno,6,6
Húskova,Brno,33,27
Ibsenova,Brno,36,35
Irkutská,Brno,23,20
Ivanovické Náměstí,Brno,6,5
Jabloňová,Brno,13,12
Jahodová,Brno,7,3
Jakuba Obrovského,Brno,32,25
Jakubská,Brno,95,95
Jakubské Náměstí,Brno,203,202
Jamborova,Brno,31,31
Jana Babáka,Brno,103,97
Jana Nečase,Brno,5,5
Jana Svobody,Brno,31,30
Jana Uhra,Brno,295,279
Jandáskova,Brno,1,1
Janouškova,Brno,38,31
Janáčkovo Náměstí,Brno,14,14
Jarní,Brno,6,4
Jasanová,Brno,16,9
Jaselská,Brno,105,105
Javorová,Brno,1,1
Jedlová,Brno,4,4
Jedovnická,Brno,43,36
Jehličnatá,Brno,3,3
Jehnická,Brno,3,3
Jelínkova,Brno,14,14
Jemelkova,Brno,60,58
Jeneweinova,Brno,35,29
Jeronýmova,Brno,16,15
Jezerní,Brno,1,
Jezuitská,Brno,430,421
Ječná,Brno,25,24
Jeřabinová,Brno,4,4
Jeřábkova,Brno,16,16
Ježkova,Brno,8,6
Jihlavská,Brno,306,295
Jihomoravské Náměstí,Brno,15,6
Jilemnického,Brno,24,23
Jindřichova,Brno,18,14
Jircháře,Brno,18,17
Jiránkova,Brno,11,9
Jiráskova,Brno,191,190
Jiříkovského,Brno,12,12
Jižní Náměstí,Brno,1,
Josefská,Brno,140,129
Josefy Faimonové,Brno,72,59
Joukalova,Brno,11,11
Joštova,Brno,134,128
Joštova-6,Brno,2,2
Jožky Jabůrkové,Brno,1,1
Jubilejní,Brno,3,
Jugoslávská,Brno,552,535
Juliánovské Náměstí,Brno,28,4
Jundrov,Brno,1,1
Jundrovská,Brno,5,2
Jungmannova,Brno,15,14
Junácká,Brno,2,2
Juranka,Brno,1,
Jurkovičova,Brno,10,10
Jánošíkova,Brno,5,3
Jánská,Brno,221,218
Járy Cimrmana,Brno,2,2
Jílkova,Brno,43,35
Jílová,Brno,40,22
Jírova,Brno,40,17
Jírovcova,Brno,51,44
K Babě,Brno,77,75
K Bukovinám,Brno,7,6
K Dálnici,Brno,3,3
K Lesu,Brno,5,4
K Lázinkám,Brno,1,1
K Rybníku,Brno,5,5
K Sídlišti,Brno,1,1
K Terminálu,Brno,12,12
K Západi,Brno,9,4
Kabátníkova,Brno,10,10
Kachlíkova,Brno,24,20
Kainarova,Brno,3,3
Kaleckého,Brno,14,14
Kallabova,Brno,15,14
Kaloudova,Brno,9,9
Kalvodova,Brno,13,13
Kamanova,Brno,30,29
Kamechy,Brno,53,12
Kamenačky,Brno,26,26
Kamenice,Brno,173,102
Kamenná,Brno,97,94
Kamenomlýnský Most,Brno,2,2
Kameníčkova,Brno,6,5
Kampelíkova,Brno,6,6
Kamínky,Brno,87,80
Kapucínské Náměstí,Brno,686,684
Karkulínova,Brno,1,
Karlova,Brno,4,4
Karolíny Světlé,Brno,3,1
Karpatská,Brno,2,2
Kartouzská,Brno,31,28
Karáskovo Náměstí,Brno,37,32
Kavčí,Brno,16,15
Kaštanová,Brno,32,21
Ke Statku,Brno,27,26
Kejbaly,Brno,8,8
Kellnerova,Brno,4,4
Keřová,Brno,8,8
Kigginsova,Brno,13,13
Kladivova,Brno,9,9
Klajdovská,Brno,13,12
Klarisky,Brno,24,24
Klatovská,Brno,169,63
Klecandova,Brno,9,9
Klimešova,Brno,7,1
Klobouček,Brno,1,1
Klobásova,Brno,6,5
Klokočí,Brno,1,1
Kluchova,Brno,9,8
Klusáčkova,Brno,53,53
Klácelova,Brno,16,16
Klášterského,Brno,6,3
Klímova,Brno,90,49
Klíny,Brno,10,10
Klíčova,Brno,44,44
Kneslova,Brno,31,21
Kníničská,Brno,10,1
Kobližná,Brno,104,100
Kobylnická,Brno,4,2
Kociánka,Brno,3,
Kohoutova,Brno,11,11
Kohoutovická,Brno,5,2
Kolaříkova,Brno,36,32
Kolejní,Brno,175,122
Koliště,Brno,187,179
Kollárova,Brno,28,27
Koláčkova,Brno,6,6
Kolískova,Brno,10,9
Komenského Náměstí,Brno,41,40
Komprdova,Brno,7,6
Komárovská,Brno,8,8
Komárovské Nábřeží,Brno,3,1
Komínská,Brno,32,32
Konečného Náměstí,Brno,12,11
Koniklecová,Brno,186,167
Konopná,Brno,61,60
Konradova,Brno,35,28
Konrádova,Brno,1,
Koperníkova,Brno,31,29
Kopečná,Brno,523,518
Korejská,Brno,66,65
Kosmonautů,Brno,18,15
Kosmova,Brno,24,4
Kosmákova,Brno,37,32
Kosíkova,Brno,6,6
Kotkova,Brno,2,2
Kotlanova,Brno,27,22
Kotlářská,Brno,253,247
Kotulánova,Brno,1,
Kotěrova,Brno,19,6
Kounicova,Brno,2146,2078
Koutného,Brno,5,2
Kovařovicova,Brno,85,84
Kovácká,Brno,10,5
Kovářská,Brno,2,1
Kozí,Brno,105,100
Kozí Horka,Brno,2,2
Kořenského,Brno,2,2
Kořískova,Brno,13,12
Košinova,Brno,42,38
Košuličova,Brno,2,1
Koželužská,Brno,4,4
Krajní,Brno,1,1
Krasová,Brno,2,1
Krausova,Brno,20,9
Kraví Hora,Brno,98,19
Krejčího,Brno,6,6
Kremličkova,Brno,6,6
Kristenova,Brno,22,22
Krkoškova,Brno,25,25
Kroftova,Brno,5,4
Krokova,Brno,25,13
Kroměřížská,Brno,10,8
Krondlova,Brno,4,3
Kronova,Brno,2,2
Kroupova,Brno,5,3
Krymská,Brno,33,30
Králova,Brno,7,6
Královka,Brno,1,1
Královopolská,Brno,58,51
Královopolský Tunel,Brno,1,
Krásného,Brno,124,102
Kubelíkova,Brno,3,3
Kubešova,Brno,20,20
Kubova,Brno,3,2
Kubánská,Brno,64,48
Kubíkova,Brno,7,5
Kubíčkova,Brno,558,536
Kudelova,Brno,39,38
Kuklenská,Brno,3,3
Kuldova,Brno,107,100
Kunzova,Brno,15,15
Kunštátská,Brno,9,9
Kupkova,Brno,13,13
Kurská,Brno,106,34
Kuršova,Brno,88,76
Kučerova,Brno,1,
Kuřimská,Brno,3,3
Kvapilova,Brno,8,8
Květinářská,Brno,52,51
Květná,Brno,3,3
Kyjevská,Brno,89,87
Kytnerova,Brno,2,2
Kárníkova,Brno,6,3
Káčata,Brno,7,
Körnerova,Brno,25,23
Křehlíkova,Brno,7,6
Křenová,Brno,321,249
Křepelčí,Brno,15,15
Křivánkovo Náměstí,Brno,37,37
Křivánky,Brno,1,
Křivého,Brno,2,2
Křižkovského,Brno,1,1
Křižíkova,Brno,84,84
Křídlovická,Brno,440,405
Křížkovského,Brno,19,19
Křížová,Brno,8,5
Kšírova,Brno,77,69
Labská,Brno,117,105
Lacinova,Brno,1,1
Ladova,Brno,13,13
Langrova,Brno,23,22
Lazaretní,Brno,100,93
Laštůvkova,Brno,117,113
Ledárenská,Brno,1,
Leitnerova,Brno,68,61
Lelekovice,Brno,1,
Lelkova,Brno,33,32
Lerchova,Brno,28,28
Lesnická,Brno,81,77
Lesní,Brno,1,1
Letecká,Brno,4,3
Letní,Brno,2,2
Letovická,Brno,30,30
Libušina Třída,Brno,178,140
Libušino Údolí,Brno,11,9
Lidická,Brno,811,798
Lieberzeitova,Brno,38,37
Liliová,Brno,1,
Lipová,Brno,8,6
Lipská,Brno,10,10
Listnatá,Brno,2,2
Lišejníková,Brno,1,1
Lomená,Brno,9,2
Loosova,Brno,26,19
Lozíbky,Brno,2,2
Ludmily Konečné,Brno,12,8
Luh,Brno,3,3
Lučiny,Brno,1,
Luční,Brno,101,92
Lužická,Brno,7,7
Lužná,Brno,45,43
Lužánecká,Brno,200,195
Lužánecký Park,Brno,44,1
Lány,Brno,113,107
Lískovecká,Brno,1,1
Lísky,Brno,9,8
Líšeňská,Brno,90,74
Lýskova,Brno,118,113
Mahenova,Brno,3,3
Majdalenky,Brno,44,41
Makovského Náměstí,Brno,1246,1217
Malešovská,Brno,2,2
Malinovského Náměstí,Brno,210,203
Malinová,Brno,1,1
Malostranská,Brno,4,4
Malátova,Brno,16,14
Malínská,Brno,1,
Mandloňová,Brno,3,3
Maničky,Brno,20,15
Marešova,Brno,14,14
Marie Hübnerové,Brno,38,37
Marie Kudeříkové,Brno,11,3
Marie Majerové,Brno,3,3
Marie Steyskalové,Brno,42,40
Mariánské Náměstí,Brno,29,22
Mariánské Údolí,Brno,14,7
Markovičova,Brno,1,
Markéty Kuncové,Brno,23,17
Markůvky,Brno,103,102
Martina Ševčíka,Brno,7,7
Martinkova,Brno,3,3
Masarova,Brno,27,14
Masarykova,Brno,171,150
Masarykův Okruh,Brno,1,
Masná,Brno,61,57
Matalova,Brno,1,
Mathonova,Brno,148,147
Matlachova,Brno,1,1
Matulkova,Brno,20,20
Matzenauerova,Brno,6,5
Mazourova,Brno,11,9
Mařákova,Brno,4,4
Maříkova,Brno,43,43
Maškova,Brno,44,44
Medlánecká,Brno,53,53
Melatín,Brno,1,
Meluzínova,Brno,14,12
Mendlovo Náměstí,Brno,562,426
Merhautova,Brno,707,658
Meruňková,Brno,1,1
Metodějova,Brno,42,42
Mezníkova,Brno,11,10
Mezírka,Brno,586,581
Mečová,Brno,37,31
Mečířova,Brno,14,14
Michalova,Brno,1,
Mifkova,Brno,4,
Mikulovská,Brno,58,56
Mikuláškovo Náměstí,Brno,44,37
Mikulčická,Brno,18,11
Mikšíčkova,Brno,6,6
Milady Horákové,Brno,92,88
Milénova,Brno,36,33
Minoritská,Brno,27,18
Minská,Brno,349,346
Mlýnská,Brno,141,104
Mlýnské Nábřeží,Brno,10,8
Modřická,Brno,4,1
Modřínová,Brno,1,1
Mojmírovo Náměstí,Brno,652,648
Mojžíšova,Brno,1,1
Mokrohorská,Brno,1,1
Moldavská,Brno,79,74
Molákova,Brno,104,100
Moravanská,Brno,4,4
Moravská,Brno,1,1
Moravské Náměstí,Brno,338,330
Mostecká,Brno,29,27
Mozartova,Brno,453,444
Mozolky,Brno,39,36
Mošnova,Brno,1,1
Mrkosova,Brno,10,8
Muchova,Brno,3,3
Musilova,Brno,24,24
Musorgského,Brno,8,7
Mutěnická,Brno,42,37
Mučednická,Brno,16,16
Muškátová,Brno,1,
Myslbekova,Brno,1,1
Myslivecká,Brno,1,
Myslivečkova,Brno,19,19
Myslivní,Brno,6,4
Myslínova,Brno,4,2
Máchalova,Brno,5,5
Máchova,Brno,11,11
Mácova,Brno,1,
Májová,Brno,3,3
Mánesova,Brno,58,45
Mášova,Brno,288,288
Mírová,Brno,14,5
Místní,Brno,1,1
Míčkova,Brno,5,4
Měnínská,Brno,28,28
Měřičkova,Brno,7,7
Měšťanská,Brno,11,2
Na Kovárně,Brno,1,
Na Lukách,Brno,3,2
Na Pískové,Brno,27,25
Nad Dědinou,Brno,7,6
Nad Kašnou,Brno,2,2
Nad Pisárkami,Brno,1,
Nad Přehradou,Brno,41,41
Nadační,Brno,24,22
Navrátilova,Brno,19,19
Nedbalova,Brno,2,1
Nejedlého,Brno,34,32
Neklanova,Brno,21,20
Neklež,Brno,6,5
Nerudova,Brno,178,178
Netopýrky,Brno,122,119
Netroufalky,Brno,971,848
Netušilova,Brno,12,12
Neumannova,Brno,2,2
Neužilova,Brno,129,128
Nezamyslova,Brno,19,10
Nezvalova,Brno,34,34
Nešverova,Brno,2,2
Nivky,Brno,4,3
Nohavicova,Brno,2,2
Nopova,Brno,74,72
Nouzová,Brno,2,2
Novobranská,Brno,197,193
Novodvorská,Brno,3,3
Novolíšeňská,Brno,217,181
Novoměstská,Brno,78,75
Nová,Brno,1,1
Nováčkova,Brno,129,126
Nové Nivky,Brno,1,1
Nové Náměstí,Brno,7,7
Nové Sady,Brno,196,190
Nádražní,Brno,1388,563
Nádvorní,Brno,139,115
Náhorní,Brno,2,2
Nálepkova,Brno,21,20
Náměstí 28. Dubna,Brno,113,60
Náměstí 28. Října,Brno,386,380
Náměstí 3. Května,Brno,2,1
Náměstí Karla IV.,Brno,9,8
Náměstí Míru,Brno,14,10
Náměstí Odboje,Brno,1,1
Náměstí Republiky,Brno,84,79
Náměstí SNP,Brno,107,99
Náměstí Svobody,Brno,208,135
Náměstí Svornosti,Brno,53,32
Náplavka,Brno,31,23
Nárožní,Brno,1,1
Návrší Svobody,Brno,1,1
Obecní,Brno,13,13
Obilní Trh,Brno,1303,1293
Obilní Trh-11,Brno,1,1
Obilní Trh-U,Brno,1,1
Oblá,Brno,586,552
Obvodová,Brno,139,135
Obřanská,Brno,52,50
Obůrky,Brno,3,3
Odbojářská,Brno,16,15
Oderská,Brno,48,38
Odlehlá,Brno,1,1
Okrouhlá,Brno,118,113
Okružní,Brno,24,5
Olbrachtovo Náměstí,Brno,31,31
Oldřišky Keithové,Brno,1,1
Olomoucká,Brno,72,61
Olšová,Brno,4,4
Olší,Brno,1,
Ondrouškova,Brno,43,31
Ondrova,Brno,24,10
Ondráčkova,Brno,10,7
Ondříčkovo Náměstí,Brno,4,2
Opavská,Brno,78,67
Opletalova,Brno,113,112
Optátova,Brno,16,12
Opuštěná,Brno,13,12
Opálkova,Brno,66,53
Orlí,Brno,389,386
Osová,Brno,32,27
Ostopovická,Brno,1,1
Ostrovačická,Brno,7,6
Ostružinová,Brno,4,4
Ostrá,Brno,5,5
Otakara Ševčíka,Brno,26,25
Otevřená,Brno,11,10
Otiskova,Brno,1,
Ovocná,Brno,5,4
Ořechovská,Brno,54,54
Ořešínská,Brno,2,2
Pahrbek,Brno,3,1
Palachovo Náměstí,Brno,85,85
Palackého Náměstí,Brno,36,36
Palackého Třída,Brno,1435,1415
Palackého Vrch,Brno,5,
Palcary,Brno,464,426
Palírenská,Brno,2,2
Panenská,Brno,4,4
Panská,Brno,70,70
Park Marie Restituty,Brno,1,
Pastrnkova,Brno,30,25
Pastviny,Brno,77,44
Pavlovská,Brno,49,25
Pavlíkova,Brno,2,2
Pechova,Brno,16,15
Pekařská,Brno,1106,1094
Pekárenská,Brno,34,34
Pellicova,Brno,2249,2242
Peroutková,Brno,16,16
Perunova,Brno,5,5
Petra Křivky,Brno,421,354
Petrov,Brno,21,21
Petrská,Brno,219,218
Petrůvky,Brno,1,
Petřvaldská,Brno,2,2
Pflegrova,Brno,2,2
Pionýrská,Brno,4,3
Pisárecká,Brno,18,17
Pivovarská,Brno,19,16
Plachtova,Brno,3,1
Plachty,Brno,57,50
Plevova,Brno,10,9
Plotní,Brno,122,101
Plovdivská,Brno,111,107
Plynárenská,Brno,2,1
Pod Borovníkem,Brno,1,
Pod Cestou,Brno,1,1
Pod Holednou,Brno,1,
Pod Horkou,Brno,18,15
Pod Hády,Brno,1,
Pod Kaštany,Brno,267,194
Pod Kopcem,Brno,12,9
Pod Mniší,Brno,1,1
Pod Mniší Horou,Brno,52,52
Pod Nemocnicí,Brno,58,48
Pod Sídlištěm,Brno,2,1
Pod Zahradami,Brno,1,1
Pod Červenou,Brno,2,2
Podbělová,Brno,9,9
Podhájí,Brno,3,
Podlesná,Brno,1,
Podlesí,Brno,5,5
Podlipná,Brno,8,5
Podlomní,Brno,2,2
Podnikatelská,Brno,106,106
Podnásepní,Brno,14,11
Podolská,Brno,3,
Podpísečná,Brno,46,46
Podpěrova,Brno,23,21
Podruhova,Brno,7,6
Podsedky,Brno,13,8
Podsednická,Brno,8,8
Podskalská,Brno,1,1
Podstránská,Brno,4,1
Podveská,Brno,10,7
Poděbradova,Brno,23,23
Pohankova,Brno,6,6
Pohořelec,Brno,23,21
Polní,Brno,627,587
Poláčkova,Brno,30,27
Polívkova,Brno,4,4
Pompova,Brno,2,1
Ponávka,Brno,339,337
Popelova,Brno,1,
Popelákova,Brno,11,10
Porhajmova,Brno,40,36
Porážka,Brno,1,1
Potocká,Brno,5,4
Potácelova,Brno,17,17
Poznaňská,Brno,78,71
Poříčí,Brno,426,421
Poštovská,Brno,112,111
Požární,Brno,1,
Pramenná,Brno,5,5
Pratecká,Brno,1,1
Pražská,Brno,80,79
Pražákova,Brno,36,36
Preslova,Brno,3,2
Prodloužená,Brno,2,1
Prokešova,Brno,1,
Prokofjevova,Brno,29,28
Prokopa Velikého,Brno,1,1
Prokopův Kopec,Brno,1,1
Prostějovská,Brno,10,8
Prostřední,Brno,1,1
Provazníkova,Brno,291,290
Proškovo Náměstí,Brno,5,4
Prumperk,Brno,2,2
Prušánecká,Brno,146,139
Práčata,Brno,2,
Průchodní,Brno,8,7
Ptašínského,Brno,30,29
Puchýřova,Brno,10,10
Purkyňova,Brno,974,956
Puškinova,Brno,3,3
Pálavské,Brno,1,1
Pálavské Náměstí,Brno,243,197
Páteřní,Brno,19,19
Písečník,Brno,1,1
Píškova,Brno,2,2
Přadlácká,Brno,446,443
Přední,Brno,11,5
Přemyslovo Náměstí,Brno,19,9
Příkop,Brno,207,203
Přímá,Brno,7,7
Přírodní,Brno,113,113
Přístaviště,Brno,1,1
Přístavní,Brno,341,286
Přívrat,Brno,19,18
Přízova,Brno,29,26
Příčky,Brno,2,1
Příční,Brno,101,99
Pšeník,Brno,25,24
Pšikalova,Brno,3,3
Radlas,Brno,9,9
Radnická,Brno,179,179
Raisova,Brno,4,4
Rajhradská,Brno,3,1
Rakovecká,Brno,822,627
Rakovecká Hotel,Brno,11,11
Rakovecká Zátoka,Brno,1,
Ramešova,Brno,13,13
Rašelinová,Brno,2,1
Rašínova,Brno,62,59
Rebešovická,Brno,11,5
Reissigova,Brno,37,37
Rekreační,Brno,12,12
Renneská Třída,Brno,142,118
Renčova,Brno,36,32
Rerychova,Brno,116,111
Resslova,Brno,35,34
Revoluční,Brno,11,11
Rezkova,Brno,11,11
Režná,Brno,2,
Richtrova,Brno,4,4
Riegrova,Brno,27,25
Roháčkova,Brno,3,3
Rokle,Brno,1,
Rokycanova,Brno,13,13
Rokytova,Brno,226,219
Rolencova,Brno,1,
Rolnická,Brno,153,151
Rooseveltova,Brno,1342,1287
Rosická,Brno,7,7
Rosického Náměstí,Brno,13,13
Rostislavovo Náměstí,Brno,25,22
Rotalova,Brno,78,75
Rotreklova,Brno,3,3
Roubalova,Brno,6,6
Rousínovská,Brno,12,1
Rovinka,Brno,2,2
Roviny,Brno,9,3
Rovná,Brno,6,6
Rozdrojovická,Brno,7,7
Rozmarýnová,Brno,7,
Rozárka,Brno,2,1
Rudišova,Brno,11,10
Rumiště,Brno,95,78
Ruská,Brno,20,19
Ruský Vrch,Brno,1,
Rybkova,Brno,250,249
Rybnická,Brno,10,7
Rybníček,Brno,20,20
Rybářská,Brno,47,46
Rybízová,Brno,5,5
Rygle,Brno,2,2
Rysova,Brno,9,8
Ryšánkova,Brno,30,28
Rázusova,Brno,11,10
Ríšova,Brno,4,4
Růžová,Brno,1,1
Sadařská,Brno,1,
Sadovského,Brno,7,7
Sady,Brno,4,4
Sady Osvobození,Brno,3,
Salajní,Brno,3,
Samoty,Brno,1,
Scheinerova,Brno,6,5
Schodová,Brno,5,5
Schreberovy Zahrádky,Brno,6,
Schwaigrova,Brno,40,36
Sedla,Brno,1,1
Sedlákova,Brno,6,6
Sedláčkova,Brno,56,29
Seifertova,Brno,346,311
Sejkorova,Brno,3,3
Sekaninova,Brno,6,5
Selská,Brno,11,11
Sevastopolská,Brno,99,94
Sevřená,Brno,1,1
Sibiřská,Brno,12,11
Sirotkova,Brno,95,95
Skalní,Brno,2,
Skandinávská,Brno,106,70
Skopalíkova,Brno,93,88
Skorkovského,Brno,22,15
Skořepka,Brno,81,81
Skryjova,Brno,3,3
Skutilova,Brno,5,5
Skácelova,Brno,114,113
Skřivanova,Brno,118,115
Skřivánčí,Brno,1,
Sladkovského,Brno,4,4
Sladkého,Brno,2,
Sladovnická,Brno,5,
Sladová,Brno,23,23
Slatinka,Brno,1,
Slatinská,Brno,10,10
Slavkovská,Brno,5,2
Slavíčkova,Brno,88,87
Slepá,Brno,24,23
Slevačská,Brno,7,4
Slezská,Brno,6,5
Slovanské Náměstí,Brno,86,81
Slovinská,Brno,43,41
Slovákova,Brno,51,50
Slunečná,Brno,10,9
Sládkova,Brno,4,2
Slámova,Brno,49,45
Slívova,Brno,25,3
Smetanova,Brno,565,561
Sobolova,Brno,4,4
Sobotkova,Brno,4,4
Soběšická,Brno,31,23
Sochorova,Brno,179,171
Sokolnická,Brno,6,4
Sokolova,Brno,596,588
Sokolská,Brno,75,75
Solniční,Brno,150,147
Sosnová,Brno,1,1
Souběžná,Brno,47,41
Soudní,Brno,41,36
Souhrady,Brno,24,17
Soukenická,Brno,129,129
Soukopova,Brno,11,11
Sousední,Brno,1,
Součkova,Brno,13,13
Sovinec,Brno,1,1
Sovova,Brno,8,8
Splaviska,Brno,1,
Spodní,Brno,131,126
Spojovací,Brno,16,13
Spolková,Brno,12,11
Sportovní,Brno,90,55
Spálená,Brno,8,3
Spáčilova,Brno,31,31
Spěšná,Brno,4,3
Srbská,Brno,177,162
Srnčí,Brno,3,3
Stamicova,Brno,54,39
Starobrněnská,Brno,369,359
Stará,Brno,32,31
Stará Dálnice,Brno,12,11
Stará Osada,Brno,247,103
Staré Náměstí,Brno,5,3
Stavební,Brno,6,3
Staňkova,Brno,297,291
Stejskalova,Brno,7,5
Stojanova,Brno,50,50
Strakatého,Brno,10,8
Strmá,Brno,6,5
Strnadova,Brno,26,21
Stromovka,Brno,1,1
Stránská,Brno,4,
Stránského,Brno,65,43
Strážnická,Brno,2,1
Strážní,Brno,1,
Studentská,Brno,84,46
Studená,Brno,5,1
Studniční,Brno,1,1
Studánka,Brno,150,149
Střední,Brno,164,158
Středova,Brno,28,28
Střelnice,Brno,2,1
Střížova,Brno,1,1
Sukova,Brno,202,202
Suzova,Brno,6,6
Sušilova,Brno,59,56
Svahová,Brno,2,2
Svatopetrská,Brno,10,7
Svatopluka Čecha,Brno,120,118
Svatoplukova,Brno,101,88
Svitavská,Brno,54,46
Svitavské Nábřeží,Brno,10,6
Svratecká,Brno,560,551
Svážná,Brno,458,438
Synkova,Brno,73,37
Síčka,Brno,1,1
Sýpka,Brno,39,39
Talichova,Brno,2,2
Taussigova,Brno,2,2
Technická,Brno,219,200
Tenorova,Brno,3,2
Terasová,Brno,1,1
Tererova,Brno,6,5
Terezy Novákové,Brno,103,98
Teslova,Brno,2,1
Teyschlova,Brno,330,319
Tichého,Brno,2,2
Tilhonova,Brno,5,
Tišnovská,Brno,43,43
Tkalcovská,Brno,121,12
Tolstého,Brno,5,4
Tomanova,Brno,14,13
Tomečkova,Brno,34,34
Tomešova,Brno,2,2
Tomkovo Náměstí,Brno,2,2
Tomáškova,Brno,5,5
Topolky,Brno,27,27
Tovačovského,Brno,2,2
Točná,Brno,27,26
Traubova,Brno,154,152
Trnitá,Brno,221,221
Trnkova,Brno,395,384
Troubská,Brno,3,3
Trtílkova,Brno,2,1
Trávníky,Brno,14,14
Trávníčkova,Brno,6,6
Trýbova,Brno,119,117
Tržní,Brno,9,6
Tuháčkova,Brno,3,3
Tumaňanova,Brno,1,1
Turgeněvova,Brno,57,36
Turistická,Brno,42,41
Tučkova,Brno,127,122
Tuřanka,Brno,87,79
Tuřanská,Brno,1,
Tuřanské Náměstí,Brno,6,2
Tvrdonická,Brno,3,1
Tvrdého,Brno,49,49
Tylova,Brno,11,11
Tyršova,Brno,88,88
Tyršův Sad,Brno,12,
Tábor,Brno,108,101
Táborská,Brno,378,346
Táborského Nábřeží,Brno,11,11
Těsnohlídkova,Brno,62,62
Těšínská,Brno,41,40
Těžební,Brno,21,18
Třída Generála Píky,Brno,97,88
Třída Kpt. Jaroše,Brno,1034,1032
Třískalova,Brno,18,18
Tůmova,Brno,4,4
U Hřiště,Brno,46,42
U Křivé,Brno,4,2
U Leskavy,Brno,3,1
U Luhu,Brno,3,3
U Potoka,Brno,7,1
U Pošty,Brno,254,138
U Sokolovny,Brno,6,5
U Velké,Brno,12,10
U Viaduktu,Brno,33,33
U Vlečky,Brno,9,8
U Vodárny,Brno,204,202
U Zoologické Zahrady,Brno,72,69
U Červeného,Brno,14,13
Uhelná,Brno,1200,1180
Uhlířova,Brno,1,
Ukrajinská,Brno,131,121
Ulice Kosmonautů,Brno,23,21
Ulice Ulice,Brno,1,1
Ulice Čoupkových,Brno,16,15
Ulička,Brno,60,47
Ulička Václava Havla,Brno,1,1
Uprkova,Brno,4,4
Urbánkova,Brno,12,11
Urxova,Brno,3,3
Uzavřená,Brno,2,
Uzbecká,Brno,128,126
V Aleji,Brno,47,45
V Luzích,Brno,1,
V Nové,Brno,3,2
V Újezdech,Brno,56,55
Vachova,Brno,24,21
Vackova,Brno,14,13
Vaculíkova,Brno,41,39
Valašská,Brno,4,3
Valcha,Brno,13,13
Valchařská,Brno,23,19
Valouškova,Brno,78,71
Valtická,Brno,54,43
Vaníčkova,Brno,1,1
Vančurova,Brno,2,1
Vavřinecká,Brno,18,7
Vaňhalova,Brno,278,273
Vaňkovka,Brno,3,
Vaňkovo Náměstí,Brno,4,4
Vaškova,Brno,2,1
Ve Vaňkovce,Brno,62,8
Vedlejší,Brno,30,30
Vejrostova,Brno,63,51
Veleckého,Brno,4,4
Veleslavínova,Brno,6,5
Veletržní,Brno,58,58
Velkopavlovická,Brno,146,119
Velká Klajdovka,Brno,1,1
Venhudova,Brno,39,38
Veselá,Brno,1413,1393
Veslařská,Brno,166,161
Veveří,Brno,2098,1043
Vilová,Brno,1,
Vinařického,Brno,40,40
Vinařská,Brno,56,49
Viniční,Brno,461,429
Vinohradská,Brno,9,
Vinohrady,Brno,31,25
Vitáskova,Brno,2,2
Višňová,Brno,1,
Vlasty Fialové,Brno,1,1
Vlasty Pittnerové,Brno,1,
Vlhká,Brno,135,131
Vlkova,Brno,10,6
Vlnitá,Brno,12,7
Vltavská,Brno,39,37
Vlárská,Brno,3,1
Vlčnovská,Brno,30,30
Vnitřní,Brno,6,6
Vodařská,Brno,6,2
Vodní,Brno,220,212
Vodova,Brno,178,166
Vohnoutova,Brno,3,2
Vojanova,Brno,11,8
Vojtova,Brno,102,102
Volejníkova,Brno,3,3
Volfova,Brno,5,5
Vomáčkova,Brno,3,3
Vondrákova,Brno,68,31
Voroněžská,Brno,52,29
Voříškova,Brno,263,241
Vranovská,Brno,250,238
Vrbenského,Brno,5,5
Vrbovecká,Brno,1,1
Vrchlického Sad,Brno,109,106
Vránova,Brno,20,19
Vrázova,Brno,31,26
Vsetínská,Brno,27,25
Vychodilova,Brno,101,87
Vycházková,Brno,2,
Vyhlídalova,Brno,10,10
Vyhlídka,Brno,1,1
Vymazalova,Brno,4,3
Vysoká,Brno,10,10
Vyškovská,Brno,4,1
Vzdálená,Brno,1,
Vzhledná,Brno,6,6
Václavkova,Brno,6,5
Václavská,Brno,292,287
Vápenka,Brno,6,6
Vážného,Brno,35,35
Vídeňská,Brno,347,238
Vítězná,Brno,15,15
Vítězslavy Kaprálové,Brno,9,9
Výhon,Brno,5,4
Výletní,Brno,5,4
Výstavní,Brno,184,183
Výzkumní,Brno,1,1
Výšina,Brno,9,9
Věstonická,Brno,102,97
Větrná,Brno,22,20
Všetičkova,Brno,18,18
Wainerovo Náměstí,Brno,7,
Weissova,Brno,4,4
Wilsonův Les,Brno,12,
Wintrova,Brno,1,
Wollmanova,Brno,70,70
Wurmova,Brno,6,6
Ypsilantiho,Brno,35,33
Za Divadlem,Brno,626,615
Za Kněžským,Brno,4,4
Za Kostelem,Brno,7,5
Za Mostem,Brno,26,10
Za Parkem,Brno,1,1
Za Vodojemem,Brno,3,3
Za Školou,Brno,8,8
Zachova,Brno,5,5
Zahradnická,Brno,195,191
Zahradníkova,Brno,285,281
Zaječí Hora,Brno,29,29
Zamilovaný Hájek,Brno,1,
Zapletalova,Brno,171,170
Zatloukalova,Brno,1,
Zavřená,Brno,11,11
Zborovská,Brno,174,169
Zderadova,Brno,11,9
Zdráhalova,Brno,51,45
Zeiberlichova,Brno,29,28
Zeleného,Brno,10,8
Zelná,Brno,4,1
Zelný Trh,Brno,1075,1067
Zemkova,Brno,11,11
Zemědělská,Brno,269,236
Zengrova,Brno,1,1
Zeyerova,Brno,4,4
Zezulova,Brno,1,1
Zikova,Brno,11,7
Zlatníky,Brno,2,2
Zlínská,Brno,4,4
Zoubkova,Brno,74,74
Zubatého,Brno,4,2
Zvonařka,Brno,17,13
Zvěřinova,Brno,73,31
Zábranského,Brno,3,2
Zábrdovická,Brno,29,23
Záhumní,Brno,7,7
Záhřebská,Brno,77,44
Zájezdní,Brno,1,
Zákoutí,Brno,2,1
Zámecká,Brno,91,83
Zámečnická,Brno,71,68
Závist,Brno,2,2
Závodní,Brno,1,1
Závodského,Brno,1,1
Závětří,Brno,2,2
Zázmolí,Brno,2,2
Údolní,Brno,1222,1210
Údolí Oddechu,Brno,2,
Úhledná,Brno,1,1
Újezdy,Brno,1,
Úlehle,Brno,2,1
Úpatní,Brno,17,16
Útěchovská,Brno,16,13
Úvoz,Brno,348,345
Úzká,Brno,148,9
Čajkovského,Brno,14,14
Čechyňská,Brno,71,68
Čejkova,Brno,2,2
Čejkovická,Brno,23,18
Čermákova,Brno,29,27
Černohorská,Brno,102,100
Černopolní,Brno,641,630
Černovická,Brno,23,20
Černovické Nábřeží,Brno,5,1
Černovičky,Brno,9,1
Černozemní,Brno,1,
Černého,Brno,297,231
Černíkova,Brno,1,1
Čertova Rokle,Brno,2,
Červený Kopec,Brno,5,5
Červinkova,Brno,18,18
Česká,Brno,39,28
Čeňka Růžičky,Brno,56,54
Čichnova,Brno,16,5
Čihadla,Brno,1,
Čtvrtě,Brno,8,8
Čápkova,Brno,167,164
Řehořova,Brno,60,52
Řezáčova,Brno,61,53
Řečkovická,Brno,9,
Římské Náměstí,Brno,2,
Řípská,Brno,133,66
Říčanská,Brno,35,30
Šafaříkova,Brno,2,2
Šaldova,Brno,11,11
Šalounova,Brno,1,
Šaumannova,Brno,8,5
Šelepova,Brno,21,21
Šemberova,Brno,9,9
Šeránkova,Brno,25,25
Ševcova,Brno,2,2
Ševelova,Brno,3,1
Šeříková,Brno,1,1
Šikmá,Brno,1,1
Šilingrovo Náměstí,Brno,195,194
Šimáčkova,Brno,9,3
Široká,Brno,2,1
Škrobárenská,Brno,14,9
Škrochova,Brno,5,5
Škroupova,Brno,72,69
Škrétova,Brno,9,9
Škárova,Brno,4,4
Šmahova,Brno,17,14
Šmejkalova,Brno,27,24
Šmídkova,Brno,1,1
Šoustalova,Brno,7,7
Špačkova,Brno,3,3
Špilberk,Brno,59,42
Špitálka,Brno,76,74
Šromova,Brno,12,6
Šrámkova,Brno,8,7
Štefánikova,Brno,517,281
Štefáčkova,Brno,9,7
Štolcova,Brno,34,31
Štouračova,Brno,93,90
Štursova,Brno,10,9
Štýřické Nábřeží,Brno,16,16
Štěpánská,Brno,53,51
Šujanovo Náměstí,Brno,27,8
Šumavská,Brno,425,304
Švermova,Brno,73,58
Švermův Park,Brno,5,1
Švábenského,Brno,1,1
Švédská,Brno,4,4
Šámalova,Brno,60,45
Žabovřeská,Brno,1,
Žabovřeské Zahrádky,Brno,3,
Žabí,Brno,1,1
Žampachova,Brno,5,5
Žarošická,Brno,35,26
Žebětínek,Brno,1,1
Žebětínská,Brno,102,82
Železniční,Brno,12,7
Žerotínovo Náměstí,Brno,202,201
Žilkova,Brno,9,9
Žitná,Brno,46,45
Živného,Brno,25,25
Životského,Brno,18,4
Žižkova,Brno,152,143
Žleb,Brno,1,1
Žlutý Kopec,Brno,33,33
Žlíbek,Brno,1,1
