Ulice,Mesto,Pocet
Pellicova,Brno,2249
Veveří,Brno,2098
Kounicova,Brno,2091
Benešova,Brno,1819
Dornych,Brno,1731
Palackého třída,Brno,1435
Hybešova,Brno,1435
Veselá,Brno,1413
Nádražní,Brno,1387
Rooseveltova,Brno,1342
Obilní trh,Brno,1303
Makovského náměstí,Brno,1246
Údolní,Brno,1222
Uhelná,Brno,1200
Pekařská,Brno,1106
Zelný trh,Brno,1075
třída Kpt. Jaroše,Brno,1034
Purkyňova,Brno,974
Netroufalky,Brno,971
Helfertova,Brno,869
Biskupská,Brno,826
Rakovecká,Brno,822
Lidická,Brno,811
Bratislavská,Brno,728
Merhautova,Brno,707
Kapucínské náměstí,Brno,686
Mojmírovo náměstí,Brno,652
Černopolní,Brno,641
Polní,Brno,627
Za divadlem,Brno,626
Botanická,Brno,609
Sokolova,Brno,596
Hlinky,Brno,594
Oblá,Brno,586
Mezírka,Brno,586
Hrázní,Brno,584
Smetanova,Brno,565
Mendlovo náměstí,Brno,562
Svratecká,Brno,560
Kubíčkova,Brno,558
Jugoslávská,Brno,552
Kopečná,Brno,523
Štefánikova,Brno,517
Dominikánské náměstí,Brno,515
Cejl,Brno,507
Gorkého,Brno,483
Palcary,Brno,464
Viniční,Brno,461
Björnsenův sad,Brno,461
Svážná,Brno,458
Mozartova,Brno,453
Přadlácká,Brno,446
Křídlovická,Brno,440
Jezuitská,Brno,430
Poříčí,Brno,426
Šumavská,Brno,425
Petra křivky,Brno,421
Hrnčířská,Brno,414
Běhounská,Brno,399
Trnkova,Brno,395
Orlí,Brno,389
náměstí 28. října,Brno,386
Gorazdova,Brno,379
Táborská,Brno,378
Starobrněnská,Brno,369
Minská,Brno,349
Úvoz,Brno,348
Vídeňská,Brno,347
Seifertova,Brno,346
Ponávka,Brno,339
Moravské náměstí,Brno,338
Přístavní,Brno,337
Antonínská,Brno,335
Teyschlova,Brno,330
Gajdošova,Brno,329
Křenová,Brno,321
Husova,Brno,312
Holandská,Brno,312
Dělnická,Brno,307
Jihlavská,Brno,306
Dlouhá,Brno,301
Černého,Brno,297
Staňkova,Brno,297
Jana uhra,Brno,295
Hněvkovského,Brno,294
Václavská,Brno,292
Provazníkova,Brno,291
Mášova,Brno,288
Zahradníkova,Brno,285
Vaňhalova,Brno,278
Dunajská,Brno,273
Zemědělská,Brno,269
Pod kaštany,Brno,267
Beethovenova,Brno,267
Voříškova,Brno,263
U pošty,Brno,254
Kotlářská,Brno,253
Vranovská,Brno,250
Rybkova,Brno,250
Stará osada,Brno,247
Bezručova,Brno,247
Pálavské náměstí,Brno,243
Bubeníčkova,Brno,242
Divadelní,Brno,232
Rokytova,Brno,226
Husitská,Brno,222
Trnitá,Brno,221
Jánská,Brno,221
Vodní,Brno,220
Technická,Brno,219
Petrská,Brno,219
Bašty,Brno,218
Novolíšeňská,Brno,217
Hlavní,Brno,216
Cihlářská,Brno,214
Malinovského náměstí,Brno,210
Drobného,Brno,209
náměstí svobody,Brno,208
Příkop,Brno,207
Dřevařská,Brno,207
U vodárny,Brno,204
Jakubské náměstí,Brno,203
Žerotínovo náměstí,Brno,202
Sukova,Brno,202
Lužánecká,Brno,200
Novobranská,Brno,197
Horova,Brno,197
Nové sady,Brno,196
Šilingrovo náměstí,Brno,195
Zahradnická,Brno,195
Jiráskova,Brno,191
Bakalovo nábřeží,Brno,188
Koliště,Brno,187
Koniklecová,Brno,186
Výstavní,Brno,184
Bayerova,Brno,182
Sochorova,Brno,179
Radnická,Brno,179
Vodova,Brno,178
Nerudova,Brno,178
Libušina třída,Brno,178
Bieblova,Brno,178
Srbská,Brno,177
Hvězdová,Brno,176
Kolejní,Brno,175
Zborovská,Brno,174
Kamenice,Brno,173
Zapletalova,Brno,171
Masarykova,Brno,171
Klatovská,Brno,169
Dvořákova,Brno,169
Dukelská třída,Brno,169
Čápkova,Brno,167
Veslařská,Brno,166
Střední,Brno,164
Božetěchova,Brno,156
Traubova,Brno,154
Hradecká,Brno,154
Rolnická,Brno,153
Žižkova,Brno,152
Studánka,Brno,150
Solniční,Brno,150
Úzká,Brno,148
Mathonova,Brno,148
Velkopavlovická,Brno,146
Prušánecká,Brno,146
Renneská třída,Brno,142
Mlýnská,Brno,141
Josefská,Brno,140
Obvodová,Brno,139
Nádvorní,Brno,139
Vlhká,Brno,135
Joštova,Brno,134
Řípská,Brno,133
Ukrajinská,Brno,131
Spodní,Brno,131
Soukenická,Brno,129
Nováčkova,Brno,129
Neužilova,Brno,129
Uzbecká,Brno,128
Tučkova,Brno,127
Chodská,Brno,126
Krásného,Brno,124
Havlenova,Brno,124
Plotní,Brno,122
Netopýrky,Brno,122
Tkalcovská,Brno,121
Svatopluka čecha,Brno,120
Hostinského,Brno,120
Trýbova,Brno,119
Skřivanova,Brno,118
Okrouhlá,Brno,118
Lýskova,Brno,118
Laštůvkova,Brno,117
Labská,Brno,117
Horácké náměstí,Brno,117
Rerychova,Brno,116
Skácelova,Brno,114
náměstí 28. dubna,Brno,113
Přírodní,Brno,113
Opletalova,Brno,113
Lány,Brno,113
Poštovská,Brno,112
Bulharská,Brno,112
Plovdivská,Brno,111
Vrchlického sad,Brno,109
Tábor,Brno,108
náměstí snp,Brno,107
Kuldova,Brno,107
Skandinávská,Brno,106
Podnikatelská,Brno,106
Kurská,Brno,106
Kozí,Brno,105
Jaselská,Brno,105
Grohova,Brno,105
Molákova,Brno,104
Kobližná,Brno,104
Terezy novákové,Brno,103
Markůvky,Brno,103
Jana babáka,Brno,103
Žebětínská,Brno,102
Černohorská,Brno,102
Věstonická,Brno,102
Vojtova,Brno,102
Foltýnova,Brno,102
Vychodilova,Brno,101
Svatoplukova,Brno,101
Příční,Brno,101
Luční,Brno,101
Lazaretní,Brno,100
Sevastopolská,Brno,99
Burešova,Brno,99
Kraví hora,Brno,98
třída Generála Píky,Brno,97
Kamenná,Brno,97
Gruzínská,Brno,96
Sirotkova,Brno,95
Rumiště,Brno,95
Jakubská,Brno,95
Štouračova,Brno,93
Skopalíkova,Brno,93
Bellova,Brno,93
Milady horákové,Brno,92
Bzenecká,Brno,92
Zámecká,Brno,91
Halasovo náměstí,Brno,91
Sportovní,Brno,90
Líšeňská,Brno,90
Klímova,Brno,90
Kyjevská,Brno,89
Berkova,Brno,89
Tyršova,Brno,88
Slavíčkova,Brno,88
Kuršova,Brno,88
Tuřanka,Brno,87
Kamínky,Brno,87
Bosonožská,Brno,87
Slovanské náměstí,Brno,86
Bořetická,Brno,86
Palachovo náměstí,Brno,85
Kovařovicova,Brno,85
náměstí republiky,Brno,84
Studentská,Brno,84
Křižíkova,Brno,84
Cornovova,Brno,82
Březinova,Brno,82
Skořepka,Brno,81
Lesnická,Brno,81
Františkánská,Brno,81
Pražská,Brno,80
Hoppova,Brno,80
Moldavská,Brno,79
Herčíkova,Brno,79
Valouškova,Brno,78
Rotalova,Brno,78
Poznaňská,Brno,78
Opavská,Brno,78
Novoměstská,Brno,78
Záhřebská,Brno,77
Pastviny,Brno,77
Kšírova,Brno,77
K babě,Brno,77
Hálkova,Brno,77
Durďákova,Brno,77
Špitálka,Brno,76
Sokolská,Brno,75
Zoubkova,Brno,74
Nopova,Brno,74
Švermova,Brno,73
Zvěřinova,Brno,73
Synkova,Brno,73
Akademická,Brno,73
Škroupova,Brno,72
U zoologické zahrady,Brno,72
Olomoucká,Brno,72
Josefy faimonové,Brno,72
Dubová,Brno,72
Čechyňská,Brno,71
Zámečnická,Brno,71
Wollmanova,Brno,70
Panská,Brno,70
Foerstrova,Brno,69
Charbulova,Brno,69
Vondrákova,Brno,68
Leitnerova,Brno,68
Hrázka,Brno,68
Blatnická,Brno,67
Opálkova,Brno,66
Korejská,Brno,66
Stránského,Brno,65
Kubánská,Brno,64
Ečerova,Brno,64
Vejrostova,Brno,63
Elišky krásnohorské,Brno,63
Ve vaňkovce,Brno,62
Těsnohlídkova,Brno,62
Rašínova,Brno,62
Havelkova,Brno,62
Řezáčova,Brno,61
Masná,Brno,61
Konopná,Brno,61
Hromádkova,Brno,61
Anenská,Brno,61
Šámalova,Brno,60
Řehořova,Brno,60
Ulička,Brno,60
Jemelkova,Brno,60
Špilberk,Brno,59
Sušilova,Brno,59
Charvatská,Brno,59
Veletržní,Brno,58
Pod nemocnicí,Brno,58
Mánesova,Brno,58
Mikulovská,Brno,58
Královopolská,Brno,58
Hutařova,Brno,58
Heršpická,Brno,58
Haškova,Brno,58
Turgeněvova,Brno,57
Plachty,Brno,57
Holzova,Brno,57
Bohuňova,Brno,57
Čeňka růžičky,Brno,56
Vinařská,Brno,56
V újezdech,Brno,56
Sedláčkova,Brno,56
kounicova,Brno,55
Družstevní,Brno,55
Dominikánská,Brno,55
Valtická,Brno,54
Svitavská,Brno,54
Stamicova,Brno,54
Ořechovská,Brno,54
Dvorského,Brno,54
Antonína macka,Brno,54
Štěpánská,Brno,53
náměstí svornosti,Brno,53
Medlánecká,Brno,53
Klusáčkova,Brno,53
Kamechy,Brno,53
Voroněžská,Brno,52
Pod mniší horou,Brno,52
Obřanská,Brno,52
Květinářská,Brno,52
Zdráhalova,Brno,51
Slovákova,Brno,51
Jírovcova,Brno,51
Stojanova,Brno,50
Brožíkova,Brno,50
Boženy němcové,Brno,50
Tvrdého,Brno,49
Slámova,Brno,49
Pavlovská,Brno,49
Oderská,Brno,48
V aleji,Brno,47
Souběžná,Brno,47
Rybářská,Brno,47
Hudcova,Brno,47
Žitná,Brno,46
U hřiště,Brno,46
Podpísečná,Brno,46
Gabriely preissové,Brno,46
Lužná,Brno,45
Hvozdecká,Brno,45
Mikuláškovo náměstí,Brno,44
Maškova,Brno,44
Majdalenky,Brno,44
Lužánecký park,Brno,44
Klíčova,Brno,44
Dobrovského,Brno,44
Tišnovská,Brno,43
Slovinská,Brno,43
Ondrouškova,Brno,43
Maříkova,Brno,43
Jílkova,Brno,43
Jedovnická,Brno,43
Francouzská,Brno,43
Florianova,Brno,43
Došlíkova,Brno,43
Turistická,Brno,42
Mutěnická,Brno,42
Metodějova,Brno,42
Marie steyskalové,Brno,42
Košinova,Brno,42
Hodonínská,Brno,42
Fillova,Brno,42
Vaculíkova,Brno,41
Těšínská,Brno,41
Soudní,Brno,41
Nad přehradou,Brno,41
Komenského náměstí,Brno,41
Husovická,Brno,41
Heleny malířové,Brno,41
Březová,Brno,41
Vinařického,Brno,40
Schwaigrova,Brno,40
Porhajmova,Brno,40
Jírova,Brno,40
Jílová,Brno,40
Česká,Brno,39
Vltavská,Brno,39
Venhudova,Brno,39
Sýpka,Brno,39
Mozolky,Brno,39
Kudelova,Brno,39
Absolonova,Brno,39
Marie hübnerové,Brno,38
Lieberzeitova,Brno,38
Janouškova,Brno,38
Heyrovského,Brno,38
Grmelova,Brno,38
Chaloupeckého náměstí,Brno,38
Bašného,Brno,38
Reissigova,Brno,37
Mečová,Brno,37
Křivánkovo náměstí,Brno,37
Kosmákova,Brno,37
Karáskovo náměstí,Brno,37
Filipova,Brno,37
Renčova,Brno,36
Pražákova,Brno,36
Palackého náměstí,Brno,36
Milénova,Brno,36
Kolaříkova,Brno,36
Ibsenova,Brno,36
Chudčická,Brno,36
Chopinova,Brno,36
Žarošická,Brno,35
Říčanská,Brno,35
Ypsilantiho,Brno,35
Vážného,Brno,35
Resslova,Brno,35
Konradova,Brno,35
Jeneweinova,Brno,35
Havlíčkova,Brno,35
Bělohorská,Brno,35
Barvířská,Brno,35
Štolcova,Brno,34
Tomečkova,Brno,34
Pekárenská,Brno,34
Nezvalova,Brno,34
Nejedlého,Brno,34
Dědická,Brno,34
Chládkova,Brno,34
Žlutý kopec,Brno,33
U viaduktu,Brno,33
Lelkova,Brno,33
Krymská,Brno,33
Húskova,Brno,33
Cacovická,Brno,33
Běloruská,Brno,33
Bráfova,Brno,33
Stará,Brno,32
Osová,Brno,32
Komínská,Brno,32
Jakuba obrovského,Brno,32
Horníkova,Brno,32
Havránkova,Brno,32
Chvalovka,Brno,32
bratří čapků,Brno,31
Vrázova,Brno,31
Vinohrady,Brno,31
Spáčilova,Brno,31
Soběšická,Brno,31
Olbrachtovo náměstí,Brno,31
Náplavka,Brno,31
Koperníkova,Brno,31
Kneslova,Brno,31
Kaštanová,Brno,31
Kartouzská,Brno,31
Jana svobody,Brno,31
Jamborova,Brno,31
Geislerova,Brno,31
Vlčnovská,Brno,30
Vedlejší,Brno,30
Ryšánkova,Brno,30
Ptašínského,Brno,30
Poláčkova,Brno,30
Pastrnkova,Brno,30
Letovická,Brno,30
Kamanova,Brno,30
Hoblíkova,Brno,30
Břenkova,Brno,30
Bohunická,Brno,30
Čermákova,Brno,29
Zábrdovická,Brno,29
Zeiberlichova,Brno,29
Zaječí hora,Brno,29
Přízova,Brno,29
Prokofjevova,Brno,29
Mostecká,Brno,29
Mariánské náměstí,Brno,29
Fryčajova,Brno,29
Brandlova,Brno,29
Bohuslava martinů,Brno,29
Blatouchová,Brno,29
Středova,Brno,28
Měnínská,Brno,28
Lerchova,Brno,28
Kollárova,Brno,28
Juliánovské náměstí,Brno,28
Hilleho,Brno,28
Hapalova,Brno,28
Gebauerova,Brno,28
Fleischnerova,Brno,28
Šujanovo náměstí,Brno,27
Šmejkalova,Brno,27
Vsetínská,Brno,27
Točná,Brno,27
Topolky,Brno,27
Riegrova,Brno,27
Na pískové,Brno,27
Minoritská,Brno,27
Masarova,Brno,27
Kotlanova,Brno,27
Ke statku,Brno,27
Za mostem,Brno,26
Strnadova,Brno,26
Otakara ševčíka,Brno,26
Loosova,Brno,26
Kamenačky,Brno,26
Havlišova,Brno,26
Živného,Brno,25
Šeránkova,Brno,25
Slívova,Brno,25
Rostislavovo náměstí,Brno,25
Pšeník,Brno,25
Körnerova,Brno,25
Krokova,Brno,25
Krkoškova,Brno,25
Ječná,Brno,25
Buzkova,Brno,25
Babičkova,Brno,25
Adamovská,Brno,25
Vachova,Brno,24
Souhrady,Brno,24
Slepá,Brno,24
Ondrova,Brno,24
Okružní,Brno,24
Nadační,Brno,24
Musilova,Brno,24
Kosmova,Brno,24
Klarisky,Brno,24
Kachlíkova,Brno,24
Jilemnického,Brno,24
Bolzanova,Brno,24
Černovická,Brno,23
Čejkovická,Brno,23
ulice kosmonautů,Brno,23
Valchařská,Brno,23
Sladová,Brno,23
Pohořelec,Brno,23
Poděbradova,Brno,23
Podpěrova,Brno,23
Markéty kuncové,Brno,23
Langrova,Brno,23
Irkutská,Brno,23
Besední,Brno,23
Větrná,Brno,22
Skorkovského,Brno,22
Kristenova,Brno,22
Hrubého,Brno,22
Dalimilova,Brno,22
Burianovo náměstí,Brno,22
Bosonožské náměstí,Brno,22
Amerlingova,Brno,22
Šelepova,Brno,21
Těžební,Brno,21
Petrov,Brno,21
Nálepkova,Brno,21
Neklanova,Brno,21
Domažlická,Brno,21
Bystřinova,Brno,21
Arbesova,Brno,21
Vránova,Brno,20
Rybníček,Brno,20
Ruská,Brno,20
Matulkova,Brno,20
Maničky,Brno,20
Kubešova,Brno,20
Krausova,Brno,20
Přívrat,Brno,19
Přemyslovo náměstí,Brno,19
Páteřní,Brno,19
Pivovarská,Brno,19
Nezamyslova,Brno,19
Navrátilova,Brno,19
Myslivečkova,Brno,19
Křížkovského,Brno,19
Kotěrova,Brno,19
Heinrichova,Brno,19
Haasova,Brno,19
Glinkova,Brno,19
Eleonory voračické,Brno,19
Drážní,Brno,19
Brechtova,Brno,19
Životského,Brno,18
Červinkova,Brno,18
kosmonautů,Brno,18
Všetičkova,Brno,18
Vavřinecká,Brno,18
Třískalova,Brno,18
Pod horkou,Brno,18
Pisárecká,Brno,18
Mikulčická,Brno,18
Jircháře,Brno,18
Jindřichova,Brno,18
Hraničky,Brno,18
Dusíkova,Brno,18
Chlupova,Brno,18
Bochořákova,Brno,18
Arménská,Brno,18
Šmahova,Brno,17
Úpatní,Brno,17
Zvonařka,Brno,17
Potácelova,Brno,17
Hoštická,Brno,17
Houbalova,Brno,17
Hochmanova,Brno,17
Banskobystrická,Brno,17
Štýřické nábřeží,Brno,16
Čichnova,Brno,16
Útěchovská,Brno,16
ulice čoupkových,Brno,16
Spojovací,Brno,16
Peroutková,Brno,16
Pechova,Brno,16
Optátova,Brno,16
Odbojářská,Brno,16
Mučednická,Brno,16
Malátova,Brno,16
Klácelova,Brno,16
Kavčí,Brno,16
Jeřábkova,Brno,16
Jeronýmova,Brno,16
Jasanová,Brno,16
Cyrilská,Brno,16
Vítězná,Brno,15
Křepelčí,Brno,15
Kunzova,Brno,15
Kallabova,Brno,15
Jungmannova,Brno,15
Jihomoravské náměstí,Brno,15
Hlaváčkova,Brno,15
Hansmannova,Brno,15
Cacovice,Brno,15
Blatného,Brno,15
Škrobárenská,Brno,14
Čajkovského,Brno,14
náměstí míru,Brno,14
Vackova,Brno,14
U červeného,Brno,14
Trávníky,Brno,14
Tomanova,Brno,14
Podnásepní,Brno,14
Mírová,Brno,14
Mečířova,Brno,14
Meluzínova,Brno,14
Mariánské údolí,Brno,14
Marešova,Brno,14
Kaleckého,Brno,14
Jelínkova,Brno,14
Janáčkovo náměstí,Brno,14
Dunajevského,Brno,14
Doležalova,Brno,14
Chrpová,Brno,14
Borky,Brno,14
Antala staška,Brno,14
Valcha,Brno,13
Součkova,Brno,13
Rosického náměstí,Brno,13
Rokycanova,Brno,13
Ramešova,Brno,13
Podsedky,Brno,13
Opuštěná,Brno,13
Obecní,Brno,13
Ladova,Brno,13
Kupkova,Brno,13
Kořískova,Brno,13
Klajdovská,Brno,13
Kigginsova,Brno,13
Kalvodova,Brno,13
Jabloňová,Brno,13
Helenčina,Brno,13
Dačického,Brno,13
Cimburkova,Brno,13
Chaloupky,Brno,13
Boettingrova,Brno,13
Blažkova,Brno,13
Axmanova,Brno,13
Železniční,Brno,12
Šromova,Brno,12
Wilsonův les,Brno,12
Vlnitá,Brno,12
Urbánkova,Brno,12
U velké,Brno,12
Tyršův sad,Brno,12
Stará dálnice,Brno,12
Spolková,Brno,12
Sibiřská,Brno,12
Rousínovská,Brno,12
Rekreační,Brno,12
Pod kopcem,Brno,12
Netušilova,Brno,12
Ludmily konečné,Brno,12
Konečného náměstí,Brno,12
K terminálu,Brno,12
Jiříkovského,Brno,12
Horní,Brno,12
Hlaváčova,Brno,12
Denisovy sady,Brno,12
Chrlická,Brno,12
Chalabalova,Brno,12
Alešova,Brno,12
Šaldova,Brno,11
Zikova,Brno,11
Zemkova,Brno,11
Zderadova,Brno,11
Zavřená,Brno,11
Vojanova,Brno,11
Táborského nábřeží,Brno,11
Tylova,Brno,11
Soukopova,Brno,11
Selská,Brno,11
Rázusova,Brno,11
Rudišova,Brno,11
Rezkova,Brno,11
Revoluční,Brno,11
Rebešovická,Brno,11
Rakovecká hotel,Brno,11
Přední,Brno,11
Popelákova,Brno,11
Otevřená,Brno,11
Měšťanská,Brno,11
Máchova,Brno,11
Mezníkova,Brno,11
Mazourova,Brno,11
Marie kudeříkové,Brno,11
Libušino údolí,Brno,11
Kohoutova,Brno,11
Joukalova,Brno,11
Jiránkova,Brno,11
Hájkova,Brno,11
Galandauerova,Brno,11
Elišky machové,Brno,11
Bidláky,Brno,11
Antonína slavíka,Brno,11
Adamcova,Brno,11
Štursova,Brno,10
Zeleného,Brno,10
Vysoká,Brno,10
Vyhlídalova,Brno,10
Vlkova,Brno,10
Svitavské nábřeží,Brno,10
Svatopetrská,Brno,10
Strakatého,Brno,10
Slunečná,Brno,10
Slatinská,Brno,10
Rybnická,Brno,10
Puchýřova,Brno,10
Prostějovská,Brno,10
Podveská,Brno,10
Plevova,Brno,10
Ondráčkova,Brno,10
Mrkosova,Brno,10
Mlýnské nábřeží,Brno,10
Lipská,Brno,10
Kroměřížská,Brno,10
Kovácká,Brno,10
Kolískova,Brno,10
Kníničská,Brno,10
Klíny,Brno,10
Kabátníkova,Brno,10
Jurkovičova,Brno,10
Gallašova,Brno,10
Fišova,Brno,10
Fanderlíkova,Brno,10
Desátková,Brno,10
Chelčického,Brno,10
Brno,Brno,10
Barvy,Brno,10
Žilkova,Brno,9
Štefáčkova,Brno,9
Škrétova,Brno,9
Šimáčkova,Brno,9
Šemberova,Brno,9
Řečkovická,Brno,9
Černovičky,Brno,9
náměstí karla IV.,Brno,9
Výšina,Brno,9
Vítězslavy kaprálové,Brno,9
Vinohradská,Brno,9
U vlečky,Brno,9
Tržní,Brno,9
Rysova,Brno,9
Roviny,Brno,9
Radlas,Brno,9
Podbělová,Brno,9
Lísky,Brno,9
Lomená,Brno,9
Kunštátská,Brno,9
Kluchova,Brno,9
Klecandova,Brno,9
Kladivova,Brno,9
Kaloudova,Brno,9
K západi,Brno,9
Hviezdoslavova,Brno,9
Gargulákova,Brno,9
Dulánek,Brno,9
Borodinova,Brno,9
Arne nováka,Brno,9
Šrámkova,Brno,8
Šaumannova,Brno,8
Čtvrtě,Brno,8
Za školou,Brno,8
Spálená,Brno,8
Sovova,Brno,8
Průchodní,Brno,8
Podsednická,Brno,8
Podlipná,Brno,8
Musorgského,Brno,8
Lipová,Brno,8
Křížová,Brno,8
Kvapilova,Brno,8
Komárovská,Brno,8
Keřová,Brno,8
Kejbaly,Brno,8
Ježkova,Brno,8
Humenná,Brno,8
Hubrova,Brno,8
Horákova,Brno,8
Fügnerova,Brno,8
Elplova,Brno,8
Colova,Brno,8
Bystrcká,Brno,8
Bendlova,Brno,8
Bartošova,Brno,8
Šoustalova,Brno,7
Záhumní,Brno,7
Za kostelem,Brno,7
Wainerovo náměstí,Brno,7
U potoka,Brno,7
Stejskalova,Brno,7
Slevačská,Brno,7
Sadovského,Brno,7
Rozmarýnová,Brno,7
Rozdrojovická,Brno,7
Rosická,Brno,7
Přímá,Brno,7
Podruhova,Brno,7
Ostrovačická,Brno,7
Nové náměstí,Brno,7
Nad dědinou,Brno,7
Měřičkova,Brno,7
Martina ševčíka,Brno,7
Lužická,Brno,7
Křehlíkova,Brno,7
Káčata,Brno,7
Kubíkova,Brno,7
Králova,Brno,7
Komprdova,Brno,7
Klimešova,Brno,7
K bukovinám,Brno,7
Jahodová,Brno,7
Hrozňatova,Brno,7
Havraní,Brno,7
Elgartova,Brno,7
Chironova,Brno,7
Bílovická,Brno,7
Bauerova,Brno,7
Barvičova,Brno,7
Bartákova,Brno,7
Wurmova,Brno,6
Vápenka,Brno,6
Václavkova,Brno,6
Vzhledná,Brno,6
Vodařská,Brno,6
Vnitřní,Brno,6
Veleslavínova,Brno,6
U sokolovny,Brno,6
Tuřanské náměstí,Brno,6
Trávníčkova,Brno,6
Tererova,Brno,6
Suzova,Brno,6
Strmá,Brno,6
Stavební,Brno,6
Sokolnická,Brno,6
Slezská,Brno,6
Sekaninova,Brno,6
Sedlákova,Brno,6
Schreberovy zahrádky,Brno,6
Scheinerova,Brno,6
Rovná,Brno,6
Roubalova,Brno,6
Pohankova,Brno,6
Neklež,Brno,6
Myslivní,Brno,6
Mikšíčkova,Brno,6
Matzenauerova,Brno,6
Kárníkova,Brno,6
Kremličkova,Brno,6
Krejčího,Brno,6
Kosíkova,Brno,6
Koláčkova,Brno,6
Klášterského,Brno,6
Klobásova,Brno,6
Kampelíkova,Brno,6
Kameníčkova,Brno,6
Jarní,Brno,6
Ivanovické náměstí,Brno,6
Högrova,Brno,6
Hvězdárenská,Brno,6
Hanácká,Brno,6
Filipínského,Brno,6
Elišky přemyslovny,Brno,6
Drčkova,Brno,6
Dlouhé hony,Brno,6
Břeclavská,Brno,6
Baarovo nábřeží,Brno,6
Žampachova,Brno,5
Švermův park,Brno,5
Škrochova,Brno,5
Červený kopec,Brno,5
Černovické nábřeží,Brno,5
Zachova,Brno,5
Výletní,Brno,5
Výhon,Brno,5
Vrbenského,Brno,5
Volfova,Brno,5
Tomáškova,Brno,5
Tolstého,Brno,5
Tilhonova,Brno,5
Studená,Brno,5
Staré náměstí,Brno,5
Slavkovská,Brno,5
Sladovnická,Brno,5
Skutilova,Brno,5
Schodová,Brno,5
Rybízová,Brno,5
Proškovo náměstí,Brno,5
Pramenná,Brno,5
Potocká,Brno,5
Podlesí,Brno,5
Perunova,Brno,5
Palackého vrch,Brno,5
Ovocná,Brno,5
Ostrá,Brno,5
Míčkova,Brno,5
Máchalova,Brno,5
Kroupova,Brno,5
Kroftova,Brno,5
Koutného,Brno,5
Kohoutovická,Brno,5
K rybníku,Brno,5
K lesu,Brno,5
Jánošíkova,Brno,5
Jundrovská,Brno,5
Jana nečase,Brno,5
Erbenova,Brno,5
Dufkovo nábřeží,Brno,5
Dolnopolní,Brno,5
Churého,Brno,5
Běly pažoutové,Brno,5
Bělidla,Brno,5
Buchtova,Brno,5
Broskvoňová,Brno,5
Brněnky,Brno,5
Blodkova,Brno,5
Azurová,Brno,5
Švédská,Brno,4
Škárova,Brno,4
přístavní,Brno,4
bratří žůrků,Brno,4
bratří pelíšků,Brno,4
Zubatého,Brno,4
Zlínská,Brno,4
Zeyerova,Brno,4
Zelná,Brno,4
Za kněžským,Brno,4
Weissova,Brno,4
Vyškovská,Brno,4
Vymazalova,Brno,4
Veleckého,Brno,4
Vaňkovo náměstí,Brno,4
Valašská,Brno,4
Uprkova,Brno,4
U křivé,Brno,4
Tůmova,Brno,4
Stránská,Brno,4
Spěšná,Brno,4
Sobotkova,Brno,4
Sobolova,Brno,4
Sládkova,Brno,4
Sladkovského,Brno,4
Sady,Brno,4
Ríšova,Brno,4
Richtrova,Brno,4
Raisova,Brno,4
Polívkova,Brno,4
Podstránská,Brno,4
Pionýrská,Brno,4
Panenská,Brno,4
Ostružinová,Brno,4
Ondříčkovo náměstí,Brno,4
Olšová,Brno,4
Nivky,Brno,4
Myslínova,Brno,4
Moravanská,Brno,4
Modřická,Brno,4
Mifkova,Brno,4
Mařákova,Brno,4
Malostranská,Brno,4
Letecká,Brno,4
Krondlova,Brno,4
Koželužská,Brno,4
Kobylnická,Brno,4
Kellnerova,Brno,4
Karlova,Brno,4
Jeřabinová,Brno,4
Jedlová,Brno,4
Františky stránecké,Brno,4
Eimova,Brno,4
Chaloupkova,Brno,4
Böhmova,Brno,4
Bučovická,Brno,4
Breitcetlova,Brno,4
Boskovická,Brno,4
Blažovická,Brno,4
Bednářova,Brno,4
Bartolomějská,Brno,4
Balbínova,Brno,4
žabovřeské zahrádky,Brno,3
Špačkova,Brno,3
Ševelova,Brno,3
sady osvobození,Brno,3
bratří mrštíků,Brno,3
Zábranského,Brno,3
Za vodojemem,Brno,3
Vomáčkova,Brno,3
Volejníkova,Brno,3
Vohnoutova,Brno,3
Vlárská,Brno,3
Vaňkovka,Brno,3
V nové,Brno,3
Urxova,Brno,3
U luhu,Brno,3
U leskavy,Brno,3
Tvrdonická,Brno,3
Tuháčkova,Brno,3
Troubská,Brno,3
Tenorova,Brno,3
Srnčí,Brno,3
Skryjova,Brno,3
Sejkorova,Brno,3
Salajní,Brno,3
Rotreklova,Brno,3
Roháčkova,Brno,3
Rajhradská,Brno,3
Pšikalova,Brno,3
Puškinova,Brno,3
Preslova,Brno,3
Podolská,Brno,3
Podhájí,Brno,3
Plachtova,Brno,3
Pahrbek,Brno,3
Obůrky,Brno,3
Novodvorská,Brno,3
Na lukách,Brno,3
Májová,Brno,3
Muchova,Brno,3
Martinkova,Brno,3
Marie majerové,Brno,3
Mandloňová,Brno,3
Mahenova,Brno,3
Luh,Brno,3
Květná,Brno,3
Kuřimská,Brno,3
Kuklenská,Brno,3
Kubova,Brno,3
Kubelíkova,Brno,3
Komárovské nábřeží,Brno,3
Kociánka,Brno,3
Karolíny světlé,Brno,3
Kainarova,Brno,3
K dálnici,Brno,3
Jubilejní,Brno,3
Jehnická,Brno,3
Jehličnatá,Brno,3
Hroznová,Brno,3
Herbenova,Brno,3
Gromešova,Brno,3
Fričova,Brno,3
Franzova,Brno,3
Františky skaunicové,Brno,3
Ferrerova,Brno,3
Dvorecká,Brno,3
Drdy,Brno,3
Dolní louky,Brno,3
Demlova,Brno,3
Chudobova,Brno,3
Chrlické náměstí,Brno,3
Bučkova,Brno,3
Bořivojova,Brno,3
Bešůvka,Brno,3
Bezejmenná,Brno,3
Antonína procházky,Brno,3
Široká,Brno,2
Ševcova,Brno,2
Šafaříkova,Brno,2
Římské náměstí,Brno,2
Čertova rokle,Brno,2
Čejkova,Brno,2
Úlehle,Brno,2
Údolí oddechu,Brno,2
náměstí 3. května,Brno,2
bratří křičků,Brno,2
akátky,Brno,2
Zázmolí,Brno,2
Závětří,Brno,2
Závist,Brno,2
Zákoutí,Brno,2
Zlatníky,Brno,2
Vycházková,Brno,2
Vitáskova,Brno,2
Vaškova,Brno,2
Vančurova,Brno,2
Uzavřená,Brno,2
Trtílkova,Brno,2
Tovačovského,Brno,2
Tomkovo náměstí,Brno,2
Tomešova,Brno,2
Tichého,Brno,2
Teslova,Brno,2
Taussigova,Brno,2
Talichova,Brno,2
Svahová,Brno,2
Střelnice,Brno,2
Strážnická,Brno,2
Sladkého,Brno,2
Skalní,Brno,2
Rygle,Brno,2
Rozárka,Brno,2
Rovinka,Brno,2
Režná,Brno,2
Rašelinová,Brno,2
Příčky,Brno,2
Píškova,Brno,2
Práčata,Brno,2
Prumperk,Brno,2
Prodloužená,Brno,2
Pompova,Brno,2
Podlomní,Brno,2
Pod červenou,Brno,2
Pod sídlištěm,Brno,2
Plynárenská,Brno,2
Pflegrova,Brno,2
Petřvaldská,Brno,2
Pavlíkova,Brno,2
Palírenská,Brno,2
Ořešínská,Brno,2
Náhorní,Brno,2
Nouzová,Brno,2
Nohavicova,Brno,2
Nešverova,Brno,2
Neumannova,Brno,2
Nedbalova,Brno,2
Nad kašnou,Brno,2
Malešovská,Brno,2
Lozíbky,Brno,2
Listnatá,Brno,2
Letní,Brno,2
Křivého,Brno,2
Kytnerova,Brno,2
Kronova,Brno,2
Krasová,Brno,2
Košuličova,Brno,2
Kořenského,Brno,2
Kozí horka,Brno,2
Kovářská,Brno,2
Kotkova,Brno,2
Karpatská,Brno,2
Kamenomlýnský most,Brno,2
Járy cimrmana,Brno,2
Junácká,Brno,2
Joštova-6,Brno,2
Hrušňová,Brno,2
Horymírova,Brno,2
Horská,Brno,2
Hliník,Brno,2
Helceletova,Brno,2
Foustkova,Brno,2
Dykova,Brno,2
Dvořiště,Brno,2
Drápelova,Brno,2
Dillingerova,Brno,2
Chmelnice,Brno,2
Chleborádova,Brno,2
Bítešská,Brno,2
Bílého,Brno,2
Bílá hora,Brno,2
Budovcova,Brno,2
Brigádnická,Brno,2
Blümlova,Brno,2
Bednaříkova,Brno,2
Babická,Brno,2
Andrýskova,Brno,2
Žlíbek,Brno,1
Žleb,Brno,1
Žebětínek,Brno,1
Žabí,Brno,1
Žabovřeská,Brno,1
Švábenského,Brno,1
Šmídkova,Brno,1
Šikmá,Brno,1
Šeříková,Brno,1
Šalounova,Brno,1
Čihadla,Brno,1
Černíkova,Brno,1
Černozemní,Brno,1
Újezdy,Brno,1
Úhledná,Brno,1
ulice ulice,Brno,1
splaviska,Brno,1
rokle,Brno,1
přístaviště,Brno,1
park marie restituty,Brno,1
náměstí odboje,Brno,1
kaštanová,Brno,1
husovický tunel,Brno,1
hrad špilberk,Brno,1
beethovenova,Brno,1
Závodského,Brno,1
Závodní,Brno,1
Zájezdní,Brno,1
Zezulova,Brno,1
Zengrova,Brno,1
Zatloukalova,Brno,1
Zamilovaný hájek,Brno,1
Za parkem,Brno,1
Wintrova,Brno,1
Výzkumní,Brno,1
Vzdálená,Brno,1
Vyhlídka,Brno,1
Vrbovecká,Brno,1
Vlasty pittnerové,Brno,1
Vlasty fialové,Brno,1
Višňová,Brno,1
Vilová,Brno,1
Velká klajdovka,Brno,1
Vaníčkova,Brno,1
V luzích,Brno,1
Ulička václava havla,Brno,1
Uhlířova,Brno,1
Tuřanská,Brno,1
Tumaňanova,Brno,1
Terasová,Brno,1
Síčka,Brno,1
Střížova,Brno,1
Studniční,Brno,1
Strážní,Brno,1
Stromovka,Brno,1
Sovinec,Brno,1
Sousední,Brno,1
Sosnová,Brno,1
Slatinka,Brno,1
Skřivánčí,Brno,1
Sevřená,Brno,1
Sedla,Brno,1
Samoty,Brno,1
Sadařská,Brno,1
Růžová,Brno,1
Ruský vrch,Brno,1
Rolencova,Brno,1
Rakovecká zátoka,Brno,1
Písečník,Brno,1
Pálavské,Brno,1
Prostřední,Brno,1
Prokopův kopec,Brno,1
Prokopa velikého,Brno,1
Prokešova,Brno,1
Pratecká,Brno,1
Požární,Brno,1
Porážka,Brno,1
Popelova,Brno,1
Podskalská,Brno,1
Podlesná,Brno,1
Pod zahradami,Brno,1
Pod mniší,Brno,1
Pod hády,Brno,1
Pod holednou,Brno,1
Pod cestou,Brno,1
Pod borovníkem,Brno,1
Petrůvky,Brno,1
Otiskova,Brno,1
Ostopovická,Brno,1
Olší,Brno,1
Oldřišky keithové,Brno,1
Odlehlá,Brno,1
Obilní trh-u,Brno,1
Obilní trh-11,Brno,1
Návrší svobody,Brno,1
Nárožní,Brno,1
Nádražní k,Brno,1
Nové nivky,Brno,1
Nová,Brno,1
Nad pisárkami,Brno,1
Na kovárně,Brno,1
Místní,Brno,1
Mácova,Brno,1
Myslivecká,Brno,1
Myslbekova,Brno,1
Muškátová,Brno,1
Mošnova,Brno,1
Moravská,Brno,1
Mokrohorská,Brno,1
Mojžíšova,Brno,1
Modřínová,Brno,1
Michalova,Brno,1
Meruňková,Brno,1
Melatín,Brno,1
Matlachova,Brno,1
Matalova,Brno,1
Masarykův okruh,Brno,1
Markovičova,Brno,1
Malínská,Brno,1
Malinová,Brno,1
Lískovecká,Brno,1
Lučiny,Brno,1
Lišejníková,Brno,1
Liliová,Brno,1
Lesní,Brno,1
Lelekovice,Brno,1
Ledárenská,Brno,1
Lacinova,Brno,1
Křižkovského,Brno,1
Křivánky,Brno,1
Kučerova,Brno,1
Královopolský tunel,Brno,1
Královka,Brno,1
Krajní,Brno,1
Kotulánova,Brno,1
Konrádova,Brno,1
Klokočí,Brno,1
Klobouček,Brno,1
Karkulínova,Brno,1
K sídlišti,Brno,1
K lázinkám,Brno,1
Juranka,Brno,1
Jundrov,Brno,1
Jožky jabůrkové,Brno,1
Jižní náměstí,Brno,1
Jezerní,Brno,1
Javorová,Brno,1
Jandáskova,Brno,1
Hujíčkova,Brno,1
Hrad veveří,Brno,1
Houškova,Brno,1
Hostislavova,Brno,1
Hluboká,Brno,1
Hladíkova,Brno,1
Heřmánková,Brno,1
Heydukova,Brno,1
Havláskova,Brno,1
Habřinova,Brno,1
Goldova,Brno,1
Glocova,Brno,1
Gellnerova,Brno,1
Firemní,Brno,1
Filkukova,Brno,1
Farského,Brno,1
Farní,Brno,1
Faměrovo náměstí,Brno,1
Evropská,Brno,1
Eliášova,Brno,1
Díly,Brno,1
Dudíkova,Brno,1
Dlážděná,Brno,1
Divišova,Brno,1
Chlubnova,Brno,1
Celní,Brno,1
Buková,Brno,1
Branka,Brno,1
Bohatcova,Brno,1
Blanenská,Brno,1
Bezinková,Brno,1
Bernáčkova,Brno,1
Belcrediho,Brno,1
Bedřichovická,Brno,1
Bačovského,Brno,1
Auerswaldova,Brno,1
Ambrožova,Brno,1
Akátová,Brno,1
1. května,Brno,1
