ULICE,město,POCET celkem,POCET doprava
1. Května,Brno,1,1
Absolonova,Brno,39,9
Adamcova,Brno,11,1
Adamovská,Brno,25,
Akademická,Brno,73,
Akátky,Brno,2,2
Akátová,Brno,1,
Alešova,Brno,12,
Ambrožova,Brno,1,
Amerlingova,Brno,22,
Andrýskova,Brno,2,
Anenská,Brno,61,1
Antala Staška,Brno,14,1
Antonína Macka,Brno,54,1
Antonína Procházky,Brno,3,
Antonína Slavíka,Brno,11,
Antonínská,Brno,335,4
Arbesova,Brno,21,3
Arménská,Brno,18,1
Arne Nováka,Brno,9,
Auerswaldova,Brno,1,
Axmanova,Brno,13,6
Azurová,Brno,5,
Baarovo Nábřeží,Brno,6,1
Babická,Brno,2,
Babičkova,Brno,25,1
Bakalovo Nábřeží,Brno,188,21
Balbínova,Brno,4,
Banskobystrická,Brno,17,
Bartolomějská,Brno,4,3
Bartošova,Brno,8,
Bartákova,Brno,7,3
Barvičova,Brno,7,
Barvy,Brno,10,
Barvířská,Brno,35,
Bauerova,Brno,7,1
Bayerova,Brno,182,14
Bačovského,Brno,1,1
Bašného,Brno,38,1
Bašty,Brno,218,31
Bednaříkova,Brno,2,2
Bednářova,Brno,4,4
Bedřichovická,Brno,1,1
Beethovenova,Brno,268,5
Belcrediho,Brno,1,1
Bellova,Brno,93,4
Bendlova,Brno,8,
Benešova,Brno,1819,271
Berkova,Brno,89,3
Bernáčkova,Brno,1,1
Besední,Brno,23,
Bezejmenná,Brno,3,
Bezinková,Brno,1,1
Bezručova,Brno,247,2
Bešůvka,Brno,3,1
Bidláky,Brno,11,
Bieblova,Brno,178,16
Biskupská,Brno,826,1
Björnsenův Sad,Brno,461,8
Blanenská,Brno,1,
Blatnická,Brno,67,5
Blatného,Brno,15,
Blatouchová,Brno,29,3
Blažkova,Brno,13,6
Blažovická,Brno,4,
Blodkova,Brno,5,
Blümlova,Brno,2,
Bochořákova,Brno,18,
Boettingrova,Brno,13,9
Bohatcova,Brno,1,
Bohunická,Brno,30,2
Bohuslava Martinů,Brno,29,
Bohuňova,Brno,57,
Bolzanova,Brno,24,2
Borky,Brno,14,
Borodinova,Brno,9,
Boskovická,Brno,4,
Bosonožská,Brno,87,5
Bosonožské Náměstí,Brno,22,4
Botanická,Brno,609,12
Bořetická,Brno,86,10
Bořivojova,Brno,3,
Boženy Němcové,Brno,50,
Božetěchova,Brno,156,8
Brandlova,Brno,29,
Branka,Brno,1,1
Bratislavská,Brno,728,11
Bratří Křičků,Brno,2,
Bratří Mrštíků,Brno,3,1
Bratří Pelíšků,Brno,4,
Bratří Čapků,Brno,31,
Bratří Žůrků,Brno,4,2
Brechtova,Brno,19,2
Breitcetlova,Brno,4,1
Brigádnická,Brno,2,
Brno,Brno,10,2
Brněnky,Brno,5,
Broskvoňová,Brno,5,
Brožíkova,Brno,50,5
Bráfova,Brno,33,4
Bubeníčkova,Brno,242,124
Buchtova,Brno,5,1
Budovcova,Brno,2,1
Buková,Brno,1,
Bulharská,Brno,112,3
Burešova,Brno,99,2
Burianovo Náměstí,Brno,22,
Buzkova,Brno,25,1
Bučkova,Brno,3,2
Bučovická,Brno,4,2
Bystrcká,Brno,8,5
Bystřinova,Brno,21,
Bzenecká,Brno,92,14
Bílovická,Brno,7,
Bílá Hora,Brno,2,2
Bílého,Brno,2,
Bítešská,Brno,2,
Böhmova,Brno,4,
Běhounská,Brno,399,4
Bělidla,Brno,5,
Bělohorská,Brno,35,9
Běloruská,Brno,33,5
Běly Pažoutové,Brno,5,
Břeclavská,Brno,6,2
Břenkova,Brno,30,
Březinova,Brno,82,3
Březová,Brno,41,1
Cacovice,Brno,15,15
Cacovická,Brno,33,11
Cejl,Brno,507,20
Celní,Brno,1,
Chalabalova,Brno,12,5
Chaloupeckého Náměstí,Brno,38,1
Chaloupkova,Brno,4,
Chaloupky,Brno,13,3
Charbulova,Brno,69,12
Charvatská,Brno,59,2
Chelčického,Brno,10,1
Chironova,Brno,7,4
Chleborádova,Brno,2,
Chlubnova,Brno,1,
Chlupova,Brno,18,
Chládkova,Brno,34,5
Chmelnice,Brno,2,1
Chodská,Brno,126,12
Chopinova,Brno,36,3
Chrlická,Brno,12,2
Chrlické Náměstí,Brno,3,1
Chrpová,Brno,14,10
Chudobova,Brno,3,
Chudčická,Brno,36,
Churého,Brno,5,2
Chvalovka,Brno,32,
Cihlářská,Brno,214,7
Cimburkova,Brno,13,10
Colova,Brno,8,
Cornovova,Brno,82,40
Cyrilská,Brno,16,4
Dalimilova,Brno,22,2
Dačického,Brno,13,
Demlova,Brno,3,
Denisovy Sady,Brno,12,12
Desátková,Brno,10,
Dillingerova,Brno,2,
Divadelní,Brno,232,3
Divišova,Brno,1,
Dlouhá,Brno,301,83
Dlouhé Hony,Brno,6,
Dlážděná,Brno,1,1
Dobrovského,Brno,44,10
Doležalova,Brno,14,1
Dolnopolní,Brno,5,5
Dolní Louky,Brno,3,
Domažlická,Brno,21,
Dominikánská,Brno,55,3
Dominikánské Náměstí,Brno,515,12
Dornych,Brno,1731,1074
Došlíkova,Brno,43,2
Drdy,Brno,3,1
Drobného,Brno,209,2
Družstevní,Brno,55,1
Drápelova,Brno,2,
Drážní,Brno,19,1
Drčkova,Brno,6,
Dubová,Brno,72,17
Dudíkova,Brno,1,
Dufkovo Nábřeží,Brno,5,5
Dukelská Třída,Brno,169,2
Dulánek,Brno,9,
Dunajevského,Brno,14,
Dunajská,Brno,273,38
Durďákova,Brno,77,4
Dusíkova,Brno,18,13
Dvorecká,Brno,3,1
Dvorského,Brno,54,47
Dvořiště,Brno,2,
Dvořákova,Brno,169,1
Dykova,Brno,2,
Díly,Brno,1,
Dědická,Brno,34,20
Dělnická,Brno,307,1
Dřevařská,Brno,207,21
Eimova,Brno,4,
Eleonory Voračické,Brno,19,
Elgartova,Brno,7,1
Eliášova,Brno,1,
Elišky Krásnohorské,Brno,63,4
Elišky Machové,Brno,11,1
Elišky Přemyslovny,Brno,6,1
Elplova,Brno,8,3
Erbenova,Brno,5,
Evropská,Brno,1,
Ečerova,Brno,64,34
Faměrovo Náměstí,Brno,1,1
Fanderlíkova,Brno,10,6
Farní,Brno,1,1
Farského,Brno,1,1
Ferrerova,Brno,3,
Filipova,Brno,37,4
Filipínského,Brno,6,2
Filkukova,Brno,1,
Fillova,Brno,42,4
Firemní,Brno,1,
Fišova,Brno,10,
Fleischnerova,Brno,28,2
Florianova,Brno,43,1
Foerstrova,Brno,69,3
Foltýnova,Brno,102,4
Foustkova,Brno,2,
Francouzská,Brno,43,2
Františky Skaunicové,Brno,3,
Františky Stránecké,Brno,4,
Františkánská,Brno,81,2
Franzova,Brno,3,
Fričova,Brno,3,
Fryčajova,Brno,29,5
Fügnerova,Brno,8,2
Gabriely Preissové,Brno,46,1
Gajdošova,Brno,329,4
Galandauerova,Brno,11,
Gallašova,Brno,10,1
Gargulákova,Brno,9,2
Gebauerova,Brno,28,1
Geislerova,Brno,31,2
Gellnerova,Brno,1,
Glinkova,Brno,19,4
Glocova,Brno,1,
Goldova,Brno,1,1
Gorazdova,Brno,379,2
Gorkého,Brno,483,4
Grmelova,Brno,38,1
Grohova,Brno,105,3
Gromešova,Brno,3,
Gruzínská,Brno,96,3
Haasova,Brno,19,2
Habřinova,Brno,1,
Halasovo Náměstí,Brno,91,42
Hansmannova,Brno,15,
Hanácká,Brno,6,4
Hapalova,Brno,28,6
Havelkova,Brno,62,3
Havlenova,Brno,124,10
Havlišova,Brno,26,
Havláskova,Brno,1,
Havlíčkova,Brno,35,
Havraní,Brno,7,2
Havránkova,Brno,32,
Haškova,Brno,58,4
Heinrichova,Brno,19,
Helceletova,Brno,2,
Heleny Malířové,Brno,41,5
Helenčina,Brno,13,
Helfertova,Brno,869,
Herbenova,Brno,3,
Herčíkova,Brno,79,7
Heršpická,Brno,58,38
Heydukova,Brno,1,1
Heyrovského,Brno,38,1
Heřmánková,Brno,1,
Hilleho,Brno,28,
Hladíkova,Brno,1,1
Hlavní,Brno,216,5
Hlaváčkova,Brno,15,
Hlaváčova,Brno,12,
Hlinky,Brno,594,3
Hliník,Brno,2,2
Hluboká,Brno,1,1
Hněvkovského,Brno,294,7
Hoblíkova,Brno,30,10
Hochmanova,Brno,17,3
Hodonínská,Brno,42,6
Holandská,Brno,312,15
Holzova,Brno,57,2
Hoppova,Brno,80,2
Horní,Brno,12,2
Horníkova,Brno,32,5
Horova,Brno,197,6
Horská,Brno,2,1
Horymírova,Brno,2,1
Horácké Náměstí,Brno,117,8
Horákova,Brno,8,1
Hostinského,Brno,120,
Hostislavova,Brno,1,
Houbalova,Brno,17,13
Houškova,Brno,1,
Hoštická,Brno,17,2
Hrad Veveří,Brno,1,
Hrad Špilberk,Brno,1,
Hradecká,Brno,154,115
Hraničky,Brno,18,2
Hrnčířská,Brno,414,13
Hromádkova,Brno,61,1
Hroznová,Brno,3,2
Hrozňatova,Brno,7,1
Hrubého,Brno,22,
Hrušňová,Brno,2,
Hrázka,Brno,68,2
Hrázní,Brno,584,44
Hubrova,Brno,8,3
Hudcova,Brno,47,6
Hujíčkova,Brno,1,
Humenná,Brno,8,
Husitská,Brno,222,5
Husova,Brno,312,2
Husovická,Brno,41,4
Husovický Tunel,Brno,1,
Hutařova,Brno,58,1
Hviezdoslavova,Brno,9,6
Hvozdecká,Brno,45,1
Hvězdová,Brno,176,5
Hvězdárenská,Brno,6,
Hybešova,Brno,1435,16
Hájkova,Brno,11,3
Hálkova,Brno,77,3
Högrova,Brno,6,
Húskova,Brno,33,6
Ibsenova,Brno,36,1
Irkutská,Brno,23,3
Ivanovické Náměstí,Brno,6,1
Jabloňová,Brno,13,1
Jahodová,Brno,7,4
Jakuba Obrovského,Brno,32,7
Jakubská,Brno,95,
Jakubské Náměstí,Brno,203,1
Jamborova,Brno,31,
Jana Babáka,Brno,103,6
Jana Nečase,Brno,5,
Jana Svobody,Brno,31,1
Jana Uhra,Brno,295,16
Jandáskova,Brno,1,
Janouškova,Brno,38,7
Janáčkovo Náměstí,Brno,14,
Jarní,Brno,6,2
Jasanová,Brno,16,7
Jaselská,Brno,105,
Javorová,Brno,1,
Jedlová,Brno,4,
Jedovnická,Brno,43,7
Jehličnatá,Brno,3,
Jehnická,Brno,3,
Jelínkova,Brno,14,
Jemelkova,Brno,60,2
Jeneweinova,Brno,35,6
Jeronýmova,Brno,16,1
Jezerní,Brno,1,1
Jezuitská,Brno,430,9
Ječná,Brno,25,1
Jeřabinová,Brno,4,
Jeřábkova,Brno,16,
Ježkova,Brno,8,2
Jihlavská,Brno,306,11
Jihomoravské Náměstí,Brno,15,9
Jilemnického,Brno,24,1
Jindřichova,Brno,18,4
Jircháře,Brno,18,1
Jiránkova,Brno,11,2
Jiráskova,Brno,191,1
Jiříkovského,Brno,12,
Jižní Náměstí,Brno,1,1
Josefská,Brno,140,11
Josefy Faimonové,Brno,72,13
Joukalova,Brno,11,
Joštova,Brno,134,6
Joštova-6,Brno,2,
Jožky Jabůrkové,Brno,1,
Jubilejní,Brno,3,3
Jugoslávská,Brno,552,17
Juliánovské Náměstí,Brno,28,24
Jundrov,Brno,1,
Jundrovská,Brno,5,3
Jungmannova,Brno,15,1
Junácká,Brno,2,
Juranka,Brno,1,1
Jurkovičova,Brno,10,
Jánošíkova,Brno,5,2
Jánská,Brno,221,3
Járy Cimrmana,Brno,2,
Jílkova,Brno,43,8
Jílová,Brno,40,18
Jírova,Brno,40,23
Jírovcova,Brno,51,7
K Babě,Brno,77,2
K Bukovinám,Brno,7,1
K Dálnici,Brno,3,
K Lesu,Brno,5,1
K Lázinkám,Brno,1,
K Rybníku,Brno,5,
K Sídlišti,Brno,1,
K Terminálu,Brno,12,
K Západi,Brno,9,5
Kabátníkova,Brno,10,
Kachlíkova,Brno,24,4
Kainarova,Brno,3,
Kaleckého,Brno,14,
Kallabova,Brno,15,1
Kaloudova,Brno,9,
Kalvodova,Brno,13,
Kamanova,Brno,30,1
Kamechy,Brno,53,41
Kamenačky,Brno,26,
Kamenice,Brno,173,71
Kamenná,Brno,97,3
Kamenomlýnský Most,Brno,2,
Kameníčkova,Brno,6,1
Kampelíkova,Brno,6,
Kamínky,Brno,87,7
Kapucínské Náměstí,Brno,686,2
Karkulínova,Brno,1,1
Karlova,Brno,4,
Karolíny Světlé,Brno,3,2
Karpatská,Brno,2,
Kartouzská,Brno,31,3
Karáskovo Náměstí,Brno,37,5
Kavčí,Brno,16,1
Kaštanová,Brno,32,11
Ke Statku,Brno,27,1
Kejbaly,Brno,8,
Kellnerova,Brno,4,
Keřová,Brno,8,
Kigginsova,Brno,13,
Kladivova,Brno,9,
Klajdovská,Brno,13,1
Klarisky,Brno,24,
Klatovská,Brno,169,106
Klecandova,Brno,9,
Klimešova,Brno,7,6
Klobouček,Brno,1,
Klobásova,Brno,6,1
Klokočí,Brno,1,
Kluchova,Brno,9,1
Klusáčkova,Brno,53,
Klácelova,Brno,16,
Klášterského,Brno,6,3
Klímova,Brno,90,41
Klíny,Brno,10,
Klíčova,Brno,44,
Kneslova,Brno,31,10
Kníničská,Brno,10,9
Kobližná,Brno,104,4
Kobylnická,Brno,4,2
Kociánka,Brno,3,3
Kohoutova,Brno,11,
Kohoutovická,Brno,5,3
Kolaříkova,Brno,36,4
Kolejní,Brno,175,53
Koliště,Brno,187,8
Kollárova,Brno,28,1
Koláčkova,Brno,6,
Kolískova,Brno,10,1
Komenského Náměstí,Brno,41,1
Komprdova,Brno,7,1
Komárovská,Brno,8,
Komárovské Nábřeží,Brno,3,2
Komínská,Brno,32,
Konečného Náměstí,Brno,12,1
Koniklecová,Brno,186,19
Konopná,Brno,61,1
Konradova,Brno,35,7
Konrádova,Brno,1,1
Koperníkova,Brno,31,2
Kopečná,Brno,523,5
Korejská,Brno,66,1
Kosmonautů,Brno,18,3
Kosmova,Brno,24,20
Kosmákova,Brno,37,5
Kosíkova,Brno,6,
Kotkova,Brno,2,
Kotlanova,Brno,27,5
Kotlářská,Brno,253,6
Kotulánova,Brno,1,1
Kotěrova,Brno,19,13
Kounicova,Brno,2146,68
Koutného,Brno,5,3
Kovařovicova,Brno,85,1
Kovácká,Brno,10,5
Kovářská,Brno,2,1
Kozí,Brno,105,5
Kozí Horka,Brno,2,
Kořenského,Brno,2,
Kořískova,Brno,13,1
Košinova,Brno,42,4
Košuličova,Brno,2,1
Koželužská,Brno,4,
Krajní,Brno,1,
Krasová,Brno,2,1
Krausova,Brno,20,11
Kraví Hora,Brno,98,79
Krejčího,Brno,6,
Kremličkova,Brno,6,
Kristenova,Brno,22,
Krkoškova,Brno,25,
Kroftova,Brno,5,1
Krokova,Brno,25,12
Kroměřížská,Brno,10,2
Krondlova,Brno,4,1
Kronova,Brno,2,
Kroupova,Brno,5,2
Krymská,Brno,33,3
Králova,Brno,7,1
Královka,Brno,1,
Královopolská,Brno,58,7
Královopolský Tunel,Brno,1,1
Krásného,Brno,124,22
Kubelíkova,Brno,3,
Kubešova,Brno,20,
Kubova,Brno,3,1
Kubánská,Brno,64,16
Kubíkova,Brno,7,2
Kubíčkova,Brno,558,22
Kudelova,Brno,39,1
Kuklenská,Brno,3,
Kuldova,Brno,107,7
Kunzova,Brno,15,
Kunštátská,Brno,9,
Kupkova,Brno,13,
Kurská,Brno,106,72
Kuršova,Brno,88,12
Kučerova,Brno,1,1
Kuřimská,Brno,3,
Kvapilova,Brno,8,
Květinářská,Brno,52,1
Květná,Brno,3,
Kyjevská,Brno,89,2
Kytnerova,Brno,2,
Kárníkova,Brno,6,3
Káčata,Brno,7,7
Körnerova,Brno,25,2
Křehlíkova,Brno,7,1
Křenová,Brno,321,72
Křepelčí,Brno,15,
Křivánkovo Náměstí,Brno,37,
Křivánky,Brno,1,1
Křivého,Brno,2,
Křižkovského,Brno,1,
Křižíkova,Brno,84,
Křídlovická,Brno,440,35
Křížkovského,Brno,19,
Křížová,Brno,8,3
Kšírova,Brno,77,8
Labská,Brno,117,12
Lacinova,Brno,1,
Ladova,Brno,13,
Langrova,Brno,23,1
Lazaretní,Brno,100,7
Laštůvkova,Brno,117,4
Ledárenská,Brno,1,1
Leitnerova,Brno,68,7
Lelekovice,Brno,1,1
Lelkova,Brno,33,1
Lerchova,Brno,28,
Lesnická,Brno,81,4
Lesní,Brno,1,
Letecká,Brno,4,1
Letní,Brno,2,
Letovická,Brno,30,
Libušina Třída,Brno,178,38
Libušino Údolí,Brno,11,2
Lidická,Brno,811,13
Lieberzeitova,Brno,38,1
Liliová,Brno,1,1
Lipová,Brno,8,2
Lipská,Brno,10,
Listnatá,Brno,2,
Lišejníková,Brno,1,
Lomená,Brno,9,7
Loosova,Brno,26,7
Lozíbky,Brno,2,
Ludmily Konečné,Brno,12,4
Luh,Brno,3,
Lučiny,Brno,1,1
Luční,Brno,101,9
Lužická,Brno,7,
Lužná,Brno,45,2
Lužánecká,Brno,200,5
Lužánecký Park,Brno,44,43
Lány,Brno,113,6
Lískovecká,Brno,1,
Lísky,Brno,9,1
Líšeňská,Brno,90,16
Lýskova,Brno,118,5
Mahenova,Brno,3,
Majdalenky,Brno,44,3
Makovského Náměstí,Brno,1246,29
Malešovská,Brno,2,
Malinovského Náměstí,Brno,210,7
Malinová,Brno,1,
Malostranská,Brno,4,
Malátova,Brno,16,2
Malínská,Brno,1,1
Mandloňová,Brno,3,
Maničky,Brno,20,5
Marešova,Brno,14,
Marie Hübnerové,Brno,38,1
Marie Kudeříkové,Brno,11,8
Marie Majerové,Brno,3,
Marie Steyskalové,Brno,42,2
Mariánské Náměstí,Brno,29,7
Mariánské Údolí,Brno,14,7
Markovičova,Brno,1,1
Markéty Kuncové,Brno,23,6
Markůvky,Brno,103,1
Martina Ševčíka,Brno,7,
Martinkova,Brno,3,
Masarova,Brno,27,13
Masarykova,Brno,171,21
Masarykův Okruh,Brno,1,1
Masná,Brno,61,4
Matalova,Brno,1,1
Mathonova,Brno,148,1
Matlachova,Brno,1,
Matulkova,Brno,20,
Matzenauerova,Brno,6,1
Mazourova,Brno,11,2
Mařákova,Brno,4,
Maříkova,Brno,43,
Maškova,Brno,44,
Medlánecká,Brno,53,
Melatín,Brno,1,1
Meluzínova,Brno,14,2
Mendlovo Náměstí,Brno,562,136
Merhautova,Brno,707,49
Meruňková,Brno,1,
Metodějova,Brno,42,
Mezníkova,Brno,11,1
Mezírka,Brno,586,5
Mečová,Brno,37,6
Mečířova,Brno,14,
Michalova,Brno,1,1
Mifkova,Brno,4,4
Mikulovská,Brno,58,2
Mikuláškovo Náměstí,Brno,44,7
Mikulčická,Brno,18,7
Mikšíčkova,Brno,6,
Milady Horákové,Brno,92,4
Milénova,Brno,36,3
Minoritská,Brno,27,9
Minská,Brno,349,3
Mlýnská,Brno,141,37
Mlýnské Nábřeží,Brno,10,2
Modřická,Brno,4,3
Modřínová,Brno,1,
Mojmírovo Náměstí,Brno,652,4
Mojžíšova,Brno,1,
Mokrohorská,Brno,1,
Moldavská,Brno,79,5
Molákova,Brno,104,4
Moravanská,Brno,4,
Moravská,Brno,1,
Moravské Náměstí,Brno,338,8
Mostecká,Brno,29,2
Mozartova,Brno,453,9
Mozolky,Brno,39,3
Mošnova,Brno,1,
Mrkosova,Brno,10,2
Muchova,Brno,3,
Musilova,Brno,24,
Musorgského,Brno,8,1
Mutěnická,Brno,42,5
Mučednická,Brno,16,
Muškátová,Brno,1,1
Myslbekova,Brno,1,
Myslivecká,Brno,1,1
Myslivečkova,Brno,19,
Myslivní,Brno,6,2
Myslínova,Brno,4,2
Máchalova,Brno,5,
Máchova,Brno,11,
Mácova,Brno,1,1
Májová,Brno,3,
Mánesova,Brno,58,13
Mášova,Brno,288,
Mírová,Brno,14,9
Místní,Brno,1,
Míčkova,Brno,5,1
Měnínská,Brno,28,
Měřičkova,Brno,7,
Měšťanská,Brno,11,9
Na Kovárně,Brno,1,1
Na Lukách,Brno,3,1
Na Pískové,Brno,27,2
Nad Dědinou,Brno,7,1
Nad Kašnou,Brno,2,
Nad Pisárkami,Brno,1,1
Nad Přehradou,Brno,41,
Nadační,Brno,24,2
Navrátilova,Brno,19,
Nedbalova,Brno,2,1
Nejedlého,Brno,34,2
Neklanova,Brno,21,1
Neklež,Brno,6,1
Nerudova,Brno,178,
Netopýrky,Brno,122,3
Netroufalky,Brno,971,123
Netušilova,Brno,12,
Neumannova,Brno,2,
Neužilova,Brno,129,1
Nezamyslova,Brno,19,9
Nezvalova,Brno,34,
Nešverova,Brno,2,
Nivky,Brno,4,1
Nohavicova,Brno,2,
Nopova,Brno,74,2
Nouzová,Brno,2,
Novobranská,Brno,197,4
Novodvorská,Brno,3,
Novolíšeňská,Brno,217,36
Novoměstská,Brno,78,3
Nová,Brno,1,
Nováčkova,Brno,129,3
Nové Nivky,Brno,1,
Nové Náměstí,Brno,7,
Nové Sady,Brno,196,6
Nádražní,Brno,1388,825
Nádvorní,Brno,139,24
Náhorní,Brno,2,
Nálepkova,Brno,21,1
Náměstí 28. Dubna,Brno,113,53
Náměstí 28. Října,Brno,386,6
Náměstí 3. Května,Brno,2,1
Náměstí Karla IV.,Brno,9,1
Náměstí Míru,Brno,14,4
Náměstí Odboje,Brno,1,
Náměstí Republiky,Brno,84,5
Náměstí SNP,Brno,107,8
Náměstí Svobody,Brno,208,73
Náměstí Svornosti,Brno,53,21
Náplavka,Brno,31,8
Nárožní,Brno,1,
Návrší Svobody,Brno,1,
Obecní,Brno,13,
Obilní Trh,Brno,1303,10
Obilní Trh-11,Brno,1,
Obilní Trh-U,Brno,1,
Oblá,Brno,586,34
Obvodová,Brno,139,4
Obřanská,Brno,52,2
Obůrky,Brno,3,
Odbojářská,Brno,16,1
Oderská,Brno,48,10
Odlehlá,Brno,1,
Okrouhlá,Brno,118,5
Okružní,Brno,24,19
Olbrachtovo Náměstí,Brno,31,
Oldřišky Keithové,Brno,1,
Olomoucká,Brno,72,11
Olšová,Brno,4,
Olší,Brno,1,1
Ondrouškova,Brno,43,12
Ondrova,Brno,24,14
Ondráčkova,Brno,10,3
Ondříčkovo Náměstí,Brno,4,2
Opavská,Brno,78,11
Opletalova,Brno,113,1
Optátova,Brno,16,4
Opuštěná,Brno,13,1
Opálkova,Brno,66,13
Orlí,Brno,389,3
Osová,Brno,32,5
Ostopovická,Brno,1,
Ostrovačická,Brno,7,1
Ostružinová,Brno,4,
Ostrá,Brno,5,
Otakara Ševčíka,Brno,26,1
Otevřená,Brno,11,1
Otiskova,Brno,1,1
Ovocná,Brno,5,1
Ořechovská,Brno,54,
Ořešínská,Brno,2,
Pahrbek,Brno,3,2
Palachovo Náměstí,Brno,85,
Palackého Náměstí,Brno,36,
Palackého Třída,Brno,1435,20
Palackého Vrch,Brno,5,5
Palcary,Brno,464,38
Palírenská,Brno,2,
Panenská,Brno,4,
Panská,Brno,70,
Park Marie Restituty,Brno,1,1
Pastrnkova,Brno,30,5
Pastviny,Brno,77,33
Pavlovská,Brno,49,24
Pavlíkova,Brno,2,
Pechova,Brno,16,1
Pekařská,Brno,1106,12
Pekárenská,Brno,34,
Pellicova,Brno,2249,7
Peroutková,Brno,16,
Perunova,Brno,5,
Petra Křivky,Brno,421,67
Petrov,Brno,21,
Petrská,Brno,219,1
Petrůvky,Brno,1,1
Petřvaldská,Brno,2,
Pflegrova,Brno,2,
Pionýrská,Brno,4,1
Pisárecká,Brno,18,1
Pivovarská,Brno,19,3
Plachtova,Brno,3,2
Plachty,Brno,57,7
Plevova,Brno,10,1
Plotní,Brno,122,21
Plovdivská,Brno,111,4
Plynárenská,Brno,2,1
Pod Borovníkem,Brno,1,1
Pod Cestou,Brno,1,
Pod Holednou,Brno,1,1
Pod Horkou,Brno,18,3
Pod Hády,Brno,1,1
Pod Kaštany,Brno,267,73
Pod Kopcem,Brno,12,3
Pod Mniší,Brno,1,
Pod Mniší Horou,Brno,52,
Pod Nemocnicí,Brno,58,10
Pod Sídlištěm,Brno,2,1
Pod Zahradami,Brno,1,
Pod Červenou,Brno,2,
Podbělová,Brno,9,
Podhájí,Brno,3,3
Podlesná,Brno,1,1
Podlesí,Brno,5,
Podlipná,Brno,8,3
Podlomní,Brno,2,
Podnikatelská,Brno,106,
Podnásepní,Brno,14,3
Podolská,Brno,3,3
Podpísečná,Brno,46,
Podpěrova,Brno,23,2
Podruhova,Brno,7,1
Podsedky,Brno,13,5
Podsednická,Brno,8,
Podskalská,Brno,1,
Podstránská,Brno,4,3
Podveská,Brno,10,3
Poděbradova,Brno,23,
Pohankova,Brno,6,
Pohořelec,Brno,23,2
Polní,Brno,627,40
Poláčkova,Brno,30,3
Polívkova,Brno,4,
Pompova,Brno,2,1
Ponávka,Brno,339,2
Popelova,Brno,1,1
Popelákova,Brno,11,1
Porhajmova,Brno,40,4
Porážka,Brno,1,
Potocká,Brno,5,1
Potácelova,Brno,17,
Poznaňská,Brno,78,7
Poříčí,Brno,426,5
Poštovská,Brno,112,1
Požární,Brno,1,1
Pramenná,Brno,5,
Pratecká,Brno,1,
Pražská,Brno,80,1
Pražákova,Brno,36,
Preslova,Brno,3,1
Prodloužená,Brno,2,1
Prokešova,Brno,1,1
Prokofjevova,Brno,29,1
Prokopa Velikého,Brno,1,
Prokopův Kopec,Brno,1,
Prostějovská,Brno,10,2
Prostřední,Brno,1,
Provazníkova,Brno,291,1
Proškovo Náměstí,Brno,5,1
Prumperk,Brno,2,
Prušánecká,Brno,146,7
Práčata,Brno,2,2
Průchodní,Brno,8,1
Ptašínského,Brno,30,1
Puchýřova,Brno,10,
Purkyňova,Brno,974,18
Puškinova,Brno,3,
Pálavské,Brno,1,
Pálavské Náměstí,Brno,243,46
Páteřní,Brno,19,
Písečník,Brno,1,
Píškova,Brno,2,
Přadlácká,Brno,446,3
Přední,Brno,11,6
Přemyslovo Náměstí,Brno,19,10
Příkop,Brno,207,4
Přímá,Brno,7,
Přírodní,Brno,113,
Přístaviště,Brno,1,
Přístavní,Brno,341,55
Přívrat,Brno,19,1
Přízova,Brno,29,3
Příčky,Brno,2,1
Příční,Brno,101,2
Pšeník,Brno,25,1
Pšikalova,Brno,3,
Radlas,Brno,9,
Radnická,Brno,179,
Raisova,Brno,4,
Rajhradská,Brno,3,2
Rakovecká,Brno,822,195
Rakovecká Hotel,Brno,11,
Rakovecká Zátoka,Brno,1,1
Ramešova,Brno,13,
Rašelinová,Brno,2,1
Rašínova,Brno,62,3
Rebešovická,Brno,11,6
Reissigova,Brno,37,
Rekreační,Brno,12,
Renneská Třída,Brno,142,24
Renčova,Brno,36,4
Rerychova,Brno,116,5
Resslova,Brno,35,1
Revoluční,Brno,11,
Rezkova,Brno,11,
Režná,Brno,2,2
Richtrova,Brno,4,
Riegrova,Brno,27,2
Roháčkova,Brno,3,
Rokle,Brno,1,1
Rokycanova,Brno,13,
Rokytova,Brno,226,7
Rolencova,Brno,1,1
Rolnická,Brno,153,2
Rooseveltova,Brno,1342,55
Rosická,Brno,7,
Rosického Náměstí,Brno,13,
Rostislavovo Náměstí,Brno,25,3
Rotalova,Brno,78,3
Rotreklova,Brno,3,
Roubalova,Brno,6,
Rousínovská,Brno,12,11
Rovinka,Brno,2,
Roviny,Brno,9,6
Rovná,Brno,6,
Rozdrojovická,Brno,7,
Rozmarýnová,Brno,7,7
Rozárka,Brno,2,1
Rudišova,Brno,11,1
Rumiště,Brno,95,17
Ruská,Brno,20,1
Ruský Vrch,Brno,1,1
Rybkova,Brno,250,1
Rybnická,Brno,10,3
Rybníček,Brno,20,
Rybářská,Brno,47,1
Rybízová,Brno,5,
Rygle,Brno,2,
Rysova,Brno,9,1
Ryšánkova,Brno,30,2
Rázusova,Brno,11,1
Ríšova,Brno,4,
Růžová,Brno,1,
Sadařská,Brno,1,1
Sadovského,Brno,7,
Sady,Brno,4,
Sady Osvobození,Brno,3,3
Salajní,Brno,3,3
Samoty,Brno,1,1
Scheinerova,Brno,6,1
Schodová,Brno,5,
Schreberovy Zahrádky,Brno,6,6
Schwaigrova,Brno,40,4
Sedla,Brno,1,
Sedlákova,Brno,6,
Sedláčkova,Brno,56,27
Seifertova,Brno,346,35
Sejkorova,Brno,3,
Sekaninova,Brno,6,1
Selská,Brno,11,
Sevastopolská,Brno,99,5
Sevřená,Brno,1,
Sibiřská,Brno,12,1
Sirotkova,Brno,95,
Skalní,Brno,2,2
Skandinávská,Brno,106,36
Skopalíkova,Brno,93,5
Skorkovského,Brno,22,7
Skořepka,Brno,81,
Skryjova,Brno,3,
Skutilova,Brno,5,
Skácelova,Brno,114,1
Skřivanova,Brno,118,3
Skřivánčí,Brno,1,1
Sladkovského,Brno,4,
Sladkého,Brno,2,2
Sladovnická,Brno,5,5
Sladová,Brno,23,
Slatinka,Brno,1,1
Slatinská,Brno,10,
Slavkovská,Brno,5,3
Slavíčkova,Brno,88,1
Slepá,Brno,24,1
Slevačská,Brno,7,3
Slezská,Brno,6,1
Slovanské Náměstí,Brno,86,5
Slovinská,Brno,43,2
Slovákova,Brno,51,1
Slunečná,Brno,10,1
Sládkova,Brno,4,2
Slámova,Brno,49,4
Slívova,Brno,25,22
Smetanova,Brno,565,4
Sobolova,Brno,4,
Sobotkova,Brno,4,
Soběšická,Brno,31,8
Sochorova,Brno,179,8
Sokolnická,Brno,6,2
Sokolova,Brno,596,8
Sokolská,Brno,75,
Solniční,Brno,150,3
Sosnová,Brno,1,
Souběžná,Brno,47,6
Soudní,Brno,41,5
Souhrady,Brno,24,7
Soukenická,Brno,129,
Soukopova,Brno,11,
Sousední,Brno,1,1
Součkova,Brno,13,
Sovinec,Brno,1,
Sovova,Brno,8,
Splaviska,Brno,1,1
Spodní,Brno,131,5
Spojovací,Brno,16,3
Spolková,Brno,12,1
Sportovní,Brno,90,35
Spálená,Brno,8,5
Spáčilova,Brno,31,
Spěšná,Brno,4,1
Srbská,Brno,177,15
Srnčí,Brno,3,
Stamicova,Brno,54,15
Starobrněnská,Brno,369,10
Stará,Brno,32,1
Stará Dálnice,Brno,12,1
Stará Osada,Brno,247,144
Staré Náměstí,Brno,5,2
Stavební,Brno,6,3
Staňkova,Brno,297,6
Stejskalova,Brno,7,2
Stojanova,Brno,50,
Strakatého,Brno,10,2
Strmá,Brno,6,1
Strnadova,Brno,26,5
Stromovka,Brno,1,
Stránská,Brno,4,4
Stránského,Brno,65,22
Strážnická,Brno,2,1
Strážní,Brno,1,1
Studentská,Brno,84,38
Studená,Brno,5,4
Studniční,Brno,1,
Studánka,Brno,150,1
Střední,Brno,164,6
Středova,Brno,28,
Střelnice,Brno,2,1
Střížova,Brno,1,
Sukova,Brno,202,
Suzova,Brno,6,
Sušilova,Brno,59,3
Svahová,Brno,2,
Svatopetrská,Brno,10,3
Svatopluka Čecha,Brno,120,2
Svatoplukova,Brno,101,13
Svitavská,Brno,54,8
Svitavské Nábřeží,Brno,10,4
Svratecká,Brno,560,9
Svážná,Brno,458,20
Synkova,Brno,73,36
Síčka,Brno,1,
Sýpka,Brno,39,
Talichova,Brno,2,
Taussigova,Brno,2,
Technická,Brno,219,19
Tenorova,Brno,3,1
Terasová,Brno,1,
Tererova,Brno,6,1
Terezy Novákové,Brno,103,5
Teslova,Brno,2,1
Teyschlova,Brno,330,11
Tichého,Brno,2,
Tilhonova,Brno,5,5
Tišnovská,Brno,43,
Tkalcovská,Brno,121,109
Tolstého,Brno,5,1
Tomanova,Brno,14,1
Tomečkova,Brno,34,
Tomešova,Brno,2,
Tomkovo Náměstí,Brno,2,
Tomáškova,Brno,5,
Topolky,Brno,27,
Tovačovského,Brno,2,
Točná,Brno,27,1
Traubova,Brno,154,2
Trnitá,Brno,221,
Trnkova,Brno,395,11
Troubská,Brno,3,
Trtílkova,Brno,2,1
Trávníky,Brno,14,
Trávníčkova,Brno,6,
Trýbova,Brno,119,2
Tržní,Brno,9,3
Tuháčkova,Brno,3,
Tumaňanova,Brno,1,
Turgeněvova,Brno,57,21
Turistická,Brno,42,1
Tučkova,Brno,127,5
Tuřanka,Brno,87,8
Tuřanská,Brno,1,1
Tuřanské Náměstí,Brno,6,4
Tvrdonická,Brno,3,2
Tvrdého,Brno,49,
Tylova,Brno,11,
Tyršova,Brno,88,
Tyršův Sad,Brno,12,12
Tábor,Brno,108,7
Táborská,Brno,378,32
Táborského Nábřeží,Brno,11,
Těsnohlídkova,Brno,62,
Těšínská,Brno,41,1
Těžební,Brno,21,3
Třída Generála Píky,Brno,97,9
Třída Kpt. Jaroše,Brno,1034,2
Třískalova,Brno,18,
Tůmova,Brno,4,
U Hřiště,Brno,46,4
U Křivé,Brno,4,2
U Leskavy,Brno,3,2
U Luhu,Brno,3,
U Potoka,Brno,7,6
U Pošty,Brno,254,116
U Sokolovny,Brno,6,1
U Velké,Brno,12,2
U Viaduktu,Brno,33,
U Vlečky,Brno,9,1
U Vodárny,Brno,204,2
U Zoologické Zahrady,Brno,72,3
U Červeného,Brno,14,1
Uhelná,Brno,1200,20
Uhlířova,Brno,1,1
Ukrajinská,Brno,131,10
Ulice Kosmonautů,Brno,23,2
Ulice Ulice,Brno,1,
Ulice Čoupkových,Brno,16,1
Ulička,Brno,60,13
Ulička Václava Havla,Brno,1,
Uprkova,Brno,4,
Urbánkova,Brno,12,1
Urxova,Brno,3,
Uzavřená,Brno,2,2
Uzbecká,Brno,128,2
V Aleji,Brno,47,2
V Luzích,Brno,1,1
V Nové,Brno,3,1
V Újezdech,Brno,56,1
Vachova,Brno,24,3
Vackova,Brno,14,1
Vaculíkova,Brno,41,2
Valašská,Brno,4,1
Valcha,Brno,13,
Valchařská,Brno,23,4
Valouškova,Brno,78,7
Valtická,Brno,54,11
Vaníčkova,Brno,1,
Vančurova,Brno,2,1
Vavřinecká,Brno,18,11
Vaňhalova,Brno,278,5
Vaňkovka,Brno,3,3
Vaňkovo Náměstí,Brno,4,
Vaškova,Brno,2,1
Ve Vaňkovce,Brno,62,54
Vedlejší,Brno,30,
Vejrostova,Brno,63,12
Veleckého,Brno,4,
Veleslavínova,Brno,6,1
Veletržní,Brno,58,
Velkopavlovická,Brno,146,27
Velká Klajdovka,Brno,1,
Venhudova,Brno,39,1
Veselá,Brno,1413,20
Veslařská,Brno,166,5
Veveří,Brno,2098,1055
Vilová,Brno,1,1
Vinařického,Brno,40,
Vinařská,Brno,56,7
Viniční,Brno,461,32
Vinohradská,Brno,9,9
Vinohrady,Brno,31,6
Vitáskova,Brno,2,
Višňová,Brno,1,1
Vlasty Fialové,Brno,1,
Vlasty Pittnerové,Brno,1,1
Vlhká,Brno,135,4
Vlkova,Brno,10,4
Vlnitá,Brno,12,5
Vltavská,Brno,39,2
Vlárská,Brno,3,2
Vlčnovská,Brno,30,
Vnitřní,Brno,6,
Vodařská,Brno,6,4
Vodní,Brno,220,8
Vodova,Brno,178,12
Vohnoutova,Brno,3,1
Vojanova,Brno,11,3
Vojtova,Brno,102,
Volejníkova,Brno,3,
Volfova,Brno,5,
Vomáčkova,Brno,3,
Vondrákova,Brno,68,37
Voroněžská,Brno,52,23
Voříškova,Brno,263,22
Vranovská,Brno,250,12
Vrbenského,Brno,5,
Vrbovecká,Brno,1,
Vrchlického Sad,Brno,109,3
Vránova,Brno,20,1
Vrázova,Brno,31,5
Vsetínská,Brno,27,2
Vychodilova,Brno,101,14
Vycházková,Brno,2,2
Vyhlídalova,Brno,10,
Vyhlídka,Brno,1,
Vymazalova,Brno,4,1
Vysoká,Brno,10,
Vyškovská,Brno,4,3
Vzdálená,Brno,1,1
Vzhledná,Brno,6,
Václavkova,Brno,6,1
Václavská,Brno,292,5
Vápenka,Brno,6,
Vážného,Brno,35,
Vídeňská,Brno,347,109
Vítězná,Brno,15,
Vítězslavy Kaprálové,Brno,9,
Výhon,Brno,5,1
Výletní,Brno,5,1
Výstavní,Brno,184,1
Výzkumní,Brno,1,
Výšina,Brno,9,
Věstonická,Brno,102,5
Větrná,Brno,22,2
Všetičkova,Brno,18,
Wainerovo Náměstí,Brno,7,7
Weissova,Brno,4,
Wilsonův Les,Brno,12,12
Wintrova,Brno,1,1
Wollmanova,Brno,70,
Wurmova,Brno,6,
Ypsilantiho,Brno,35,2
Za Divadlem,Brno,626,11
Za Kněžským,Brno,4,
Za Kostelem,Brno,7,2
Za Mostem,Brno,26,16
Za Parkem,Brno,1,
Za Vodojemem,Brno,3,
Za Školou,Brno,8,
Zachova,Brno,5,
Zahradnická,Brno,195,4
Zahradníkova,Brno,285,4
Zaječí Hora,Brno,29,
Zamilovaný Hájek,Brno,1,1
Zapletalova,Brno,171,1
Zatloukalova,Brno,1,1
Zavřená,Brno,11,
Zborovská,Brno,174,5
Zderadova,Brno,11,2
Zdráhalova,Brno,51,6
Zeiberlichova,Brno,29,1
Zeleného,Brno,10,2
Zelná,Brno,4,3
Zelný Trh,Brno,1075,8
Zemkova,Brno,11,
Zemědělská,Brno,269,33
Zengrova,Brno,1,
Zeyerova,Brno,4,
Zezulova,Brno,1,
Zikova,Brno,11,4
Zlatníky,Brno,2,
Zlínská,Brno,4,
Zoubkova,Brno,74,
Zubatého,Brno,4,2
Zvonařka,Brno,17,4
Zvěřinova,Brno,73,42
Zábranského,Brno,3,1
Zábrdovická,Brno,29,6
Záhumní,Brno,7,
Záhřebská,Brno,77,33
Zájezdní,Brno,1,1
Zákoutí,Brno,2,1
Zámecká,Brno,91,8
Zámečnická,Brno,71,3
Závist,Brno,2,
Závodní,Brno,1,
Závodského,Brno,1,
Závětří,Brno,2,
Zázmolí,Brno,2,
Údolní,Brno,1222,12
Údolí Oddechu,Brno,2,2
Úhledná,Brno,1,
Újezdy,Brno,1,1
Úlehle,Brno,2,1
Úpatní,Brno,17,1
Útěchovská,Brno,16,3
Úvoz,Brno,348,3
Úzká,Brno,148,139
Čajkovského,Brno,14,
Čechyňská,Brno,71,3
Čejkova,Brno,2,
Čejkovická,Brno,23,5
Čermákova,Brno,29,2
Černohorská,Brno,102,2
Černopolní,Brno,641,11
Černovická,Brno,23,3
Černovické Nábřeží,Brno,5,4
Černovičky,Brno,9,8
Černozemní,Brno,1,1
Černého,Brno,297,66
Černíkova,Brno,1,
Čertova Rokle,Brno,2,2
Červený Kopec,Brno,5,
Červinkova,Brno,18,
Česká,Brno,39,11
Čeňka Růžičky,Brno,56,2
Čichnova,Brno,16,11
Čihadla,Brno,1,1
Čtvrtě,Brno,8,
Čápkova,Brno,167,3
Řehořova,Brno,60,8
Řezáčova,Brno,61,8
Řečkovická,Brno,9,9
Římské Náměstí,Brno,2,2
Řípská,Brno,133,67
Říčanská,Brno,35,5
Šafaříkova,Brno,2,
Šaldova,Brno,11,
Šalounova,Brno,1,1
Šaumannova,Brno,8,3
Šelepova,Brno,21,
Šemberova,Brno,9,
Šeránkova,Brno,25,
Ševcova,Brno,2,
Ševelova,Brno,3,2
Šeříková,Brno,1,
Šikmá,Brno,1,
Šilingrovo Náměstí,Brno,195,1
Šimáčkova,Brno,9,6
Široká,Brno,2,1
Škrobárenská,Brno,14,5
Škrochova,Brno,5,
Škroupova,Brno,72,3
Škrétova,Brno,9,
Škárova,Brno,4,
Šmahova,Brno,17,3
Šmejkalova,Brno,27,3
Šmídkova,Brno,1,
Šoustalova,Brno,7,
Špačkova,Brno,3,
Špilberk,Brno,59,17
Špitálka,Brno,76,2
Šromova,Brno,12,6
Šrámkova,Brno,8,1
Štefánikova,Brno,517,236
Štefáčkova,Brno,9,2
Štolcova,Brno,34,3
Štouračova,Brno,93,3
Štursova,Brno,10,1
Štýřické Nábřeží,Brno,16,
Štěpánská,Brno,53,2
Šujanovo Náměstí,Brno,27,19
Šumavská,Brno,425,121
Švermova,Brno,73,15
Švermův Park,Brno,5,4
Švábenského,Brno,1,
Švédská,Brno,4,
Šámalova,Brno,60,15
Žabovřeská,Brno,1,1
Žabovřeské Zahrádky,Brno,3,3
Žabí,Brno,1,
Žampachova,Brno,5,
Žarošická,Brno,35,9
Žebětínek,Brno,1,
Žebětínská,Brno,102,20
Železniční,Brno,12,5
Žerotínovo Náměstí,Brno,202,1
Žilkova,Brno,9,
Žitná,Brno,46,1
Živného,Brno,25,
Životského,Brno,18,14
Žižkova,Brno,152,9
Žleb,Brno,1,
Žlutý Kopec,Brno,33,
Žlíbek,Brno,1,
